GCaMP6s variant,Number of wells,Mutations added to GCaMP6s,1 AP _F/F0,3 AP _F/F0,10 AP _F/F0,160 AP _F/F0,Decay half time (10 AP),1 AP p-value,3 AP p-value,10 AP p-value,160 AP p-value,Decay half time (10 AP) p-value
GCaMP3,213.0,H78K L302T P303R Y380D R381T T383S G392R,0.2,0.24,0.29,0.39,0.38,1.2399999999999996e-54,9.379999999999994e-65,3.1099999999999996e-75,3.869999999999998e-77,2.1099999999999996e-77
GCaMP5G,168.0,H78K R381T T383S G392R,0.37,0.39,0.46,0.62,0.38,1.18e-36,4.7599999999999986e-40,2.509999999999999e-52,2.6199999999999992e-51,8.829999999999996e-68
GCaMP6s,641.0,,1.0,1.0,1.0,1.0,1.0,1.0,1.0,1.0,1.0,1.0
GCaMP6f,632.0,H78K A317E,0.67,0.73,0.73,0.58,0.2,2.44e-07,1.24e-05,2.13e-09,3.51e-57,1.7199999999999992e-85
10.699,7.0,H78K D304C R381T T383S G392R,0.02,0.0,0.03,0.17,0.07,5.78e-06,5.78e-06,5.78e-06,6.56e-06,5.78e-06
10.700,6.0,H78K R303F P303R R381T T383S G392R,0.59,0.72,0.66,0.59,0.31,0.00114,0.00842,0.00215,7.04e-05,2.63e-05
10.701,7.0,H78K R303M P303R R381T T383S G392R,0.06,0.13,0.19,0.38,0.32,7.8e-06,3.24e-05,1.47e-05,8.3e-06,5.78e-06
G-GECO1.0,7.0,H78K K118I L172Q L302T P303R Y380D R381T T383S G392R S403G E429V,0.45,0.29,0.28,0.59,0.35,0.00016299999999999998,8.05e-06,7.32e-06,6.29e-05,5.78e-06
G-GECO1.1,7.0,K68E H78K K118I L172Q L302T P303R K379N Y380D R381T T383S G392R S403G E429V N76Y D85G,0.18,0.22,0.17,0.4,0.49,6.66e-06,5.78e-06,5.97e-06,8.84e-06,5.78e-06
GEX-GECO1,4.0,K68E H78K K118I L172Q T222S L302T P303R F314L F367L L371Q K379N Y380D R381T T383S G392R S403G E429V,1.21,0.29,0.2,0.11,0.25,0.774,0.00556,0.0007440000000000001,0.0006219999999999999,0.000582
10.709,8.0,H78K R381T T383S G392R,0.51,0.51,0.59,0.74,0.34,0.0348,0.0173,0.0133,0.00946,1.29e-06
10.710,8.0,K65A H78K R381T T383S G392R,0.32,0.28,0.37,0.44,0.31,8.46e-05,5.51e-06,8.45e-06,3.52e-06,1.29e-06
10.711,8.0,K65C H78K R381T T383S G392R,0.37,0.33,0.36,0.46,0.3,0.000114,9.03e-05,7.329999999999999e-05,1.3800000000000003e-05,1.29e-06
10.712,8.0,K65D H78K R381T T383S G392R,0.49,0.47,0.39,0.33,0.24,0.0023,0.00268,5.06e-05,2.22e-06,1.29e-06
10.713,7.0,K65E H78K R381T T383S G392R,0.38,0.32,0.4,0.44,0.28,0.000719,0.000421,0.000509,1.7899999999999998e-05,5.78e-06
10.714,8.0,K65F H78K R381T T383S G392R,0.17,0.19,0.21,0.37,0.28,2.37e-06,1.63e-06,1.46e-06,1.91e-06,1.29e-06
10.715,8.0,K65G H78K R381T T383S G392R,0.38,0.31,0.32,0.39,0.28,0.000293,9.51e-05,5.5500000000000014e-05,4.34e-06,1.29e-06
10.716,7.0,K65H H78K R381T T383S G392R,0.44,0.47,0.47,0.6,0.32,0.000401,0.000401,0.000348,2.72e-05,5.78e-06
10.717,7.0,K65I H78K R381T T383S G392R,0.67,0.63,0.52,0.57,0.28,0.0115,0.0158,0.0050100000000000006,2.34e-05,5.78e-06
10.718,8.0,K65L H78K R381T T383S G392R,1.27,0.76,0.56,0.55,0.32,0.959,0.0403,0.00605,3.41e-06,1.29e-06
10.722,7.0,K65Q H78K R381T T383S G392R,0.47,0.36,0.4,0.65,0.27,0.00148,0.0008320000000000001,0.000391,0.000371,5.78e-06
10.723,8.0,K65R H78K R381T T383S G392R,0.65,0.63,0.54,0.76,0.34,0.0157,0.025,0.000624,0.00159,1.29e-06
10.724,7.0,K65S H78K R381T T383S G392R,0.63,0.45,0.37,0.53,0.3,0.000138,8.1e-05,3.44e-05,3.97e-05,5.78e-06
10.725,7.0,K65T H78K R381T T383S G392R,0.46,0.55,0.56,0.67,0.28,0.0027,0.00365,0.00164,0.000113,5.78e-06
10.726,8.0,K65V H78K R381T T383S G392R,0.76,0.66,0.43,0.63,0.31,0.0362,0.00288,0.000327,0.00015800000000000002,1.29e-06
10.727,8.0,K65W H78K R381T T383S G392R,0.63,0.48,0.45,0.69,0.27,0.00101,2.78e-05,1.86e-05,3.4200000000000005e-05,1.29e-06
10.728,5.0,K65Y H78K R381T T383S G392R,0.4,0.35,0.51,0.47,0.3,0.00013700000000000002,0.000188,0.000305,0.000174,0.000122
10.729,8.0,A75T H78K R381T T383S G392R,0.58,0.37,0.29,0.24,0.25,0.00534,2.26e-05,3.74e-06,1.61e-06,1.29e-06
10.730,6.0,A75G H78K R381T T383S G392R,0.46,0.56,0.5,0.4,0.41,0.00231,0.00455,0.000109,3.85e-05,2.63e-05
10.733,7.0,A75M H78K R381T T383S G392R,0.75,0.24,0.18,0.11,0.29,0.0324,6.46e-06,6.56e-06,6.16e-06,5.78e-06
10.734,8.0,A75E H78K R381T T383S G392R,0.57,0.12,0.08,0.03,0.09,0.00225,1.29e-06,1.29e-06,1.29e-06,1.29e-06
10.739,8.0,A75S H78K R381T T383S G392R,0.88,0.4,0.34,0.33,0.28,0.207,8.83e-06,3.36e-06,1.94e-06,1.29e-06
10.741,6.0,A75L H78K R381T T383S G392R,0.69,0.36,0.33,0.29,0.35,0.0168,7.829999999999999e-05,3.73e-05,3.24e-05,2.63e-05
10.744,6.0,A75Q H78K R381T T383S G392R,0.41,0.16,0.04,0.02,0.03,0.0126,2.68e-05,2.63e-05,2.63e-05,2.63e-05
10.745,6.0,A75D H78K R381T T383S G392R,1.12,0.26,0.08,0.01,0.02,0.532,3.45e-05,2.63e-05,2.63e-05,0.000122
10.746,6.0,H78K V115S R381T T383S G392R,0.86,0.15,0.07,0.03,0.07,0.0897,2.68e-05,2.63e-05,2.63e-05,2.63e-05
10.747,8.0,H78K K118R R381T T383S G392R,0.64,0.61,0.55,0.75,0.34,0.000405,0.000227,7.42e-05,9.63e-05,1.29e-06
10.749,6.0,H78K E134A R381T T383S G392R,0.53,0.25,0.22,0.16,0.31,0.00824,0.000291,3.73e-05,2.9e-05,2.63e-05
10.750,6.0,H78K E134C R381T T383S G392R,0.39,0.21,0.19,0.14,0.3,0.00121,2.72e-05,2.63e-05,2.7600000000000007e-05,2.63e-05
10.751,7.0,H78K E134D R381T T383S G392R,0.75,0.16,0.06,0.04,0.04,0.00761,5.97e-06,5.78e-06,5.78e-06,2.63e-05
10.753,6.0,H78K E134G R381T T383S G392R,0.34,0.21,0.11,0.07,0.18,0.00126,2.72e-05,2.63e-05,2.63e-05,2.63e-05
10.754,8.0,H78K E134H R381T T383S G392R,0.29,0.25,0.21,0.17,0.24,1.46e-06,1.35e-06,1.29e-06,1.46e-06,1.29e-06
10.756,8.0,H78K E134K R381T T383S G392R,0.72,0.16,0.06,0.02,0.03,0.0603,1.31e-06,1.29e-06,1.29e-06,1.29e-06
10.759,7.0,H78K E134N R381T T383S G392R,0.34,0.11,0.07,0.08,0.23,2.68e-05,5.78e-06,5.78e-06,5.78e-06,5.78e-06
10.760,5.0,H78K E134P R381T T383S G392R,0.86,0.33,0.06,0.01,0.04,0.338,0.000169,0.000122,0.000122,0.000122
10.761,8.0,H78K E134Q R381T T383S G392R,0.5,0.18,0.06,0.06,0.11,0.004520000000000001,1.29e-06,1.29e-06,1.29e-06,1.29e-06
10.762,4.0,H78K E134R R381T T383S G392R,0.54,0.24,0.04,0.01,0.03,0.209,0.000612,0.000582,0.000582,0.000582
10.763,6.0,H78K E134S R381T T383S G392R,0.64,0.36,0.32,0.29,0.33,0.0040100000000000005,5.770000000000001e-05,4.51e-05,3.2899999999999987e-05,2.63e-05
10.765,7.0,H78K E134V R381T T383S G392R,0.42,0.17,0.06,0.02,0.05,2.05e-05,5.97e-06,5.78e-06,5.78e-06,5.78e-06
10.768,8.0,H78K V115A R381T T383S G392R,0.42,0.27,0.23,0.23,0.39,0.000308,1.05e-05,1.97e-06,1.68e-06,1.29e-06
10.772,5.0,H78K V115F R381T T383S G392R,1.1,0.12,0.06,0.04,0.06,0.8740000000000001,0.000122,0.000122,0.000122,0.000122
10.774,8.0,H78K V115H R381T T383S G392R,0.31,0.16,0.16,0.23,0.19,4.02e-05,1.29e-06,1.31e-06,1.61e-06,1.29e-06
10.775,8.0,H78K V115I R381T T383S G392R,1.05,0.6,0.4,0.31,0.28,0.855,9.38e-05,8.33e-06,1.68e-06,1.29e-06
10.777,8.0,H78K V115L R381T T383S G392R,0.54,0.13,0.04,0.02,0.03,0.000699,1.29e-06,1.29e-06,1.29e-06,1.29e-06
10.778,4.0,H78K V115M R381T T383S G392R,0.66,0.16,0.06,0.01,0.03,0.0985,0.000582,0.000582,0.000582,0.000582
10.779,6.0,H78K V115N R381T T383S G392R,0.58,0.15,0.06,0.03,0.03,0.00481,2.72e-05,2.63e-05,2.63e-05,2.63e-05
10.780,7.0,H78K V115P R381T T383S G392R,0.42,0.17,0.08,0.07,0.08,0.0013800000000000002,5.78e-06,5.78e-06,5.78e-06,5.78e-06
10.783,6.0,H78K V115T R381T T383S G392R,0.72,0.35,0.25,0.18,0.31,0.0307,3.14e-05,2.85e-05,2.99e-05,2.63e-05
10.785,7.0,H78K V115Y R381T T383S G392R,0.67,0.34,0.26,0.27,0.23,0.000535,9.4e-06,6.77e-06,7.32e-06,5.78e-06
10.786,7.0,H78K K118A R381T T383S G392R,0.58,0.31,0.22,0.58,0.43,5.53e-05,6.36e-06,6.16e-06,2.6e-05,5.78e-06
10.787,6.0,H78K K118C R381T T383S G392R,0.35,0.17,0.16,0.37,0.42,2.99e-05,2.63e-05,2.63e-05,3.85e-05,2.63e-05
10.788,6.0,H78K K118D R381T T383S G392R,0.72,0.54,0.4,0.61,0.44,0.0102,0.00044,7.37e-05,6.829999999999999e-05,2.63e-05
10.789,6.0,H78K K118E R381T T383S G392R,0.64,0.49,0.39,0.68,0.47,0.0787,0.00748,0.0046,0.0381,2.63e-05
10.790,8.0,H78K K118F R381T T383S G392R,0.25,0.09,0.07,0.22,0.3,1.56e-06,1.29e-06,1.29e-06,1.66e-06,1.29e-06
10.791,7.0,H78K K118G R381T T383S G392R,0.34,0.3,0.3,0.55,0.4,0.000262,8.05e-06,6.88e-06,1.34e-05,5.78e-06
10.792,6.0,H78K K118H R381T T383S G392R,0.36,0.19,0.19,0.41,0.39,4.51e-05,2.68e-05,2.68e-05,3.98e-05,2.63e-05
10.794,4.0,H78K K118L R381T T383S G392R,0.42,0.11,0.08,0.29,0.15,0.00122,0.000582,0.000582,0.000697,0.000582
10.797,8.0,H78K K118P R381T T383S G392R,0.76,0.11,0.03,0.03,0.02,0.0397,1.35e-06,1.29e-06,1.29e-06,1.29e-06
10.798,8.0,H78K K118Q R381T T383S G392R,0.42,0.32,0.36,0.55,0.42,5.85e-06,2.12e-06,3.31e-06,6.21e-06,1.29e-06
10.799,7.0,H78K K118S R381T T383S G392R,0.27,0.22,0.18,0.58,0.42,6.26e-06,5.97e-06,6.26e-06,1.4e-05,5.78e-06
10.800,8.0,H78K K118T R381T T383S G392R,0.29,0.29,0.28,0.66,0.41,2.89e-06,1.44e-06,1.61e-06,6.03e-06,1.29e-06
10.802,7.0,H78K K118Y R381T T383S G392R,0.16,0.1,0.07,0.19,0.36,8.43e-06,5.78e-06,5.78e-06,6.66e-06,5.78e-06
10.809,6.0,H78K Q116I R381T T383S G392R,0.23,0.19,0.22,0.33,0.31,0.000204,3.34e-05,6.829999999999999e-05,3.79e-05,2.63e-05
10.810,7.0,H78K Q116K R381T T383S G392R,0.38,0.21,0.2,0.26,0.2,1.7899999999999998e-05,1.05e-05,7.21e-06,7.32e-06,5.78e-06
10.811,8.0,H78K Q116L R381T T383S G392R,0.17,0.17,0.18,0.32,0.32,6.42e-05,1.61e-06,1.61e-06,2.16e-06,1.29e-06
10.812,7.0,H78K Q116M R381T T383S G392R,0.27,0.26,0.26,0.34,0.3,2.56e-05,6.16e-06,6.56e-06,8.05e-06,5.78e-06
10.813,6.0,H78K Q116N R381T T383S G392R,0.8,0.57,0.58,0.53,0.34,0.0918,0.00101,0.000616,4.650000000000001e-05,2.63e-05
10.814,5.0,H78K Q116H R381T T383S G392R,0.75,0.45,0.38,0.41,0.34,0.0876,0.00591,0.000291,0.000153,0.000122
10.818,6.0,H78K Q116W R381T T383S G392R,0.06,0.01,0.03,0.19,0.21,2.63e-05,2.63e-05,2.63e-05,2.95e-05,2.63e-05
10.820,8.0,H78K Q116R R381T T383S G392R,0.11,0.15,0.21,0.37,0.21,1.31e-06,1.29e-06,1.33e-06,1.85e-06,1.29e-06
10.821,8.0,H78K Q116Y R381T T383S G392R,0.03,0.03,0.05,0.2,0.26,1.29e-06,1.29e-06,1.29e-06,1.56e-06,1.29e-06
10.822,7.0,H78K F256A R381T T383S G392R,0.59,0.46,0.5,0.4,0.33,0.000496,2.49e-05,3.59e-05,8.05e-06,5.78e-06
10.823,8.0,H78K F256C R381T T383S G392R,0.55,0.54,0.51,0.51,0.31,0.0016600000000000002,0.00152,0.000115,5.51e-06,1.29e-06
10.824,6.0,H78K F256D R381T T383S G392R,0.6,0.54,0.51,0.38,0.29,0.00907,0.00162,0.000123,3.92e-05,2.63e-05
10.828,8.0,H78K F256K R381T T383S G392R,0.42,0.32,0.28,0.34,0.34,6.03e-06,1.79e-06,2.09e-06,1.91e-06,1.29e-06
10.829,7.0,H78K F256L R381T T383S G392R,0.56,0.65,0.52,0.69,0.3,0.0529,0.00695,0.00031,4.53e-05,5.78e-06
10.830,7.0,H78K F256M R381T T383S G392R,0.64,0.54,0.44,0.39,0.3,0.069,0.000172,5.3799999999999986e-05,2.4100000000000006e-05,5.78e-06
10.831,8.0,H78K F256N R381T T383S G392R,0.23,0.29,0.32,0.46,0.37,1.74e-06,1.42e-06,1.76e-06,2.19e-06,1.29e-06
10.832,8.0,H78K F256P R381T T383S G392R,0.73,0.28,0.07,0.03,0.04,0.209,1.46e-06,1.29e-06,1.29e-06,1.29e-06
10.833,4.0,H78K F256Q R381T T383S G392R,0.9,0.85,0.66,0.59,0.33,0.329,0.258,0.00959,0.00404,0.000582
10.834,7.0,H78K F256R R381T T383S G392R,0.94,0.65,0.5,0.61,0.32,0.7759999999999999,0.00486,0.000331,0.000466,5.78e-06
10.835,8.0,H78K F256T R381T T383S G392R,0.88,0.8,0.61,0.55,0.28,0.266,0.0391,0.000724,3.41e-06,1.29e-06
10.836,8.0,H78K F256W R381T T383S G392R,0.57,0.39,0.35,0.23,0.3,0.00282,3.19e-05,5.35e-06,2.03e-06,1.29e-06
10.837,6.0,H78K F256Y R381T T383S G392R,0.89,0.74,0.73,0.69,0.33,0.392,0.0891,0.065,0.000353,2.63e-05
10.839,5.0,H78K F256H R381T T383S G392R,0.59,0.52,0.57,0.45,0.32,0.0139,0.00159,0.00172,0.000198,0.000122
10.840,6.0,H78K F256S R381T T383S G392R,0.4,0.46,0.44,0.47,0.33,5.4299999999999985e-05,5.4299999999999985e-05,0.000119,4.51e-05,2.63e-05
10.842,5.0,H48A H78K R381T T383S G392R,0.46,0.34,0.35,0.44,0.2,0.000262,0.00013700000000000002,0.000171,0.000151,0.000122
10.843,5.0,H48C H78K R381T T383S G392R,0.41,0.44,0.49,0.55,0.26,0.00179,0.000291,0.00054,0.000198,0.000122
10.844,6.0,H48D H78K R381T T383S G392R,0.28,0.18,0.16,0.14,0.11,6.330000000000001e-05,2.72e-05,2.63e-05,2.72e-05,2.63e-05
10.845,7.0,H48G H78K R381T T383S G392R,0.22,0.22,0.26,0.22,0.14,8.17e-06,6.06e-06,6.56e-06,6.77e-06,5.78e-06
10.849,5.0,H48M H78K R381T T383S G392R,0.53,0.43,0.33,0.35,0.26,0.003,0.000207,0.000185,0.000156,0.000122
10.850,8.0,H48P H78K R381T T383S G392R,0.22,0.17,0.14,0.1,0.09,1.61e-06,1.31e-06,1.29e-06,1.31e-06,1.29e-06
10.851,7.0,H48Q H78K R381T T383S G392R,0.26,0.29,0.26,0.21,0.13,6.46e-06,6.56e-06,6.88e-06,7.32e-06,5.78e-06
10.852,8.0,H48R H78K R381T T383S G392R,0.16,0.17,0.12,0.14,0.09,1.71e-06,1.31e-06,1.31e-06,1.39e-06,1.29e-06
10.853,6.0,H48S H78K R381T T383S G392R,0.53,0.35,0.33,0.31,0.15,0.000132,5.86e-05,4.370000000000001e-05,3.34e-05,2.63e-05
10.854,6.0,H48T H78K R381T T383S G392R,0.59,0.57,0.49,0.56,0.25,0.00869,0.000307,9.11e-05,4.95e-05,2.63e-05
10.855,8.0,H48V H78K R381T T383S G392R,0.46,0.5,0.49,0.44,0.28,0.000201,7.85e-06,1.15e-05,2.29e-06,1.29e-06
10.856,7.0,H48Y H78K R381T T383S G392R,0.61,0.59,0.6,0.51,0.31,0.000628,0.000154,0.000306,1.34e-05,5.78e-06
10.857,8.0,H48E H78K R381T T383S G392R,0.16,0.1,0.09,0.06,0.07,1.33e-06,1.29e-06,1.29e-06,1.29e-06,1.29e-06
10.858,8.0,H78K F256V R381T T383S G392R,0.43,0.43,0.43,0.37,0.34,4.54e-06,2.44e-06,3.74e-06,1.94e-06,1.29e-06
10.860,5.0,K45C H78K R381T T383S G392R,0.66,0.53,0.6,0.77,0.38,0.0385,0.0008349999999999999,0.0203,0.00855,0.000122
10.861,6.0,K45D H78K R381T T383S G392R,0.33,0.21,0.16,0.14,0.06,4.17e-05,2.63e-05,2.63e-05,2.7600000000000007e-05,2.63e-05
10.862,5.0,K45E H78K R381T T383S G392R,0.4,0.29,0.24,0.18,0.08,0.000214,0.000128,0.000126,0.000135,0.000122
10.863,5.0,K45F H78K R381T T383S G392R,0.39,0.32,0.46,0.36,0.29,0.00022,0.000139,0.000238,0.000169,0.000122
10.864,6.0,K45G H78K R381T T383S G392R,0.23,0.25,0.27,0.37,0.2,2.7600000000000007e-05,2.81e-05,3.34e-05,3.45e-05,2.63e-05
10.865,5.0,K45H H78K R381T T383S G392R,0.42,0.31,0.39,0.41,0.2,0.000254,0.00014099999999999998,0.000214,0.000174,0.000122
10.866,6.0,K45I H78K R381T T383S G392R,0.95,0.96,0.86,0.6,1.17,0.511,0.47,0.108,7.950000000000001e-05,0.0125
10.867,5.0,K45L H78K R381T T383S G392R,0.58,0.72,0.64,0.64,0.59,0.0125,0.0738,0.00993,0.000395,0.000133
10.870,7.0,K45P H78K R381T T383S G392R,0.47,0.43,0.32,0.45,0.35,0.00046,1.3800000000000003e-05,9.699999999999999e-06,1.11e-05,5.78e-06
10.871,5.0,K45Q H78K R381T T383S G392R,1.02,0.78,0.69,0.56,0.14,0.836,0.0869,0.0189,0.000262,0.000122
10.872,7.0,K45R H78K R381T T383S G392R,1.35,0.89,0.85,0.84,0.35,0.544,0.525,0.449,0.00865,5.78e-06
10.873,6.0,K45W H78K R381T T383S G392R,0.38,0.32,0.26,0.43,0.2,5.18e-05,3.85e-05,3.45e-05,3.510000000000001e-05,2.63e-05
10.876,7.0,H48N H78K R381T T383S G392R,0.51,0.5,0.53,0.49,0.27,0.000496,4.46e-05,5.3e-05,1.99e-05,5.78e-06
10.877,7.0,K45T H78K R381T T383S G392R,0.54,0.43,0.44,0.53,0.43,0.00161,7.340000000000001e-05,8.93e-05,3.64e-05,5.78e-06
10.878,7.0,K45V H78K R381T T383S G392R,1.01,0.94,1.14,0.82,1.24,0.5379999999999999,0.8859999999999999,0.8540000000000001,0.0264,0.00373
10.879,5.0,K45Y H78K R381T T383S G392R,0.67,0.49,0.62,0.63,0.35,0.0144,0.00054,0.00137,0.00031,0.000122
10.881,7.0,H48F H78K R381T T383S G392R,0.45,0.45,0.4,0.49,0.18,0.006679999999999999,0.000746,0.000138,1.0800000000000003e-05,5.78e-06
10.882,5.0,H78K Q116C R381T T383S G392R,0.58,0.39,0.31,0.37,0.36,0.224,0.0301,0.000766,0.000161,0.000122
10.883,7.0,H78K Q116D R381T T383S G392R,1.25,1.15,0.87,0.53,0.69,0.156,0.467,0.6629999999999999,5.01e-05,9.55e-06
10.884,7.0,H78K Q116E R381T T383S G392R,1.17,1.02,0.82,0.58,0.55,0.755,0.939,0.0391,2.02e-05,5.78e-06
10.885,5.0,H78K Q116F R381T T383S G392R,0.23,0.07,0.06,0.15,0.21,0.000124,0.000122,0.000122,0.000128,0.000122
10.886,5.0,H78K Q116G R381T T383S G392R,0.68,0.51,0.52,0.41,0.33,0.04,0.00605,0.00126,0.000174,0.000122
10.887,7.0,H78K Q116V R381T T383S G392R,0.54,0.37,0.31,0.26,0.36,0.0007019999999999999,1.03e-05,8.57e-06,7.44e-06,5.78e-06
10.888,6.0,W43D H78K R381T T383S G392R,0.25,0.27,0.31,0.33,0.12,4.870000000000001e-05,3.24e-05,3.92e-05,3.510000000000001e-05,2.63e-05
10.891,8.0,W43L H78K R381T T383S G392R,0.1,0.08,0.09,0.23,0.27,1.31e-06,1.29e-06,1.29e-06,1.53e-06,1.29e-06
10.892,7.0,W43V H78K R381T T383S G392R,0.11,0.07,0.06,0.18,0.24,5.87e-06,5.78e-06,5.78e-06,6.77e-06,5.78e-06
10.893,6.0,N44C H78K R381T T383S G392R,0.12,0.05,0.07,0.17,0.36,2.63e-05,2.63e-05,2.63e-05,2.85e-05,2.63e-05
10.894,8.0,N44E H78K R381T T383S G392R,0.1,0.07,0.05,0.05,0.18,1.29e-06,1.29e-06,1.29e-06,1.29e-06,1.29e-06
10.895,8.0,N44V H78K R381T T383S G392R,0.21,0.28,0.3,0.47,0.27,1.33e-06,1.39e-06,1.85e-06,2.19e-06,1.29e-06
10.896,7.0,V50I H78K R381T T383S G392R,0.09,0.09,0.09,0.13,0.17,5.87e-06,5.87e-06,5.78e-06,5.87e-06,5.78e-06
10.897,7.0,H78K R381T T383S G392R L407A,0.2,0.19,0.23,0.46,0.43,5.87e-06,5.78e-06,6.06e-06,8.84e-06,5.78e-06
10.898,7.0,H78K R381T T383S G392R L407H,0.13,0.1,0.13,0.28,0.4,5.78e-06,5.78e-06,5.78e-06,7.1e-06,5.78e-06
10.899,7.0,H78K R381T T383S G392R L407Q,0.38,0.39,0.37,0.44,0.28,0.000298,0.000438,2.88e-05,9.699999999999999e-06,5.78e-06
10.900,8.0,H78K R381T T383S G392R L407S,0.08,0.07,0.07,0.15,0.22,1.29e-06,1.29e-06,1.29e-06,1.42e-06,1.29e-06
10.902,6.0,N44Y H78K R381T T383S G392R,0.32,0.32,0.32,0.41,0.18,2.95e-05,2.85e-05,3.19e-05,3.510000000000001e-05,2.63e-05
10.903,4.0,W43I H78K R381T T383S G392R,0.16,0.11,0.19,0.44,0.41,0.000582,0.000582,0.000582,0.000697,0.000582
10.904,7.0,N44Q H78K R381T T383S G392R,0.37,0.32,0.35,0.44,0.19,1.2e-05,8.3e-06,9.55e-06,8.3e-06,5.78e-06
10.905,7.0,N44S H78K R381T T383S G392R,0.4,0.3,0.29,0.53,0.26,1.36e-05,6.56e-06,7.21e-06,1.19e-05,5.78e-06
10.906,7.0,V50D H78K R381T T383S G392R,0.14,0.05,0.04,0.04,0.22,5.78e-06,5.78e-06,5.78e-06,5.78e-06,5.78e-06
10.907,7.0,V50H H78K R381T T383S G392R,0.1,0.06,0.09,0.23,0.16,5.97e-06,5.78e-06,5.78e-06,7.1e-06,5.78e-06
10.908,7.0,V50S H78K R381T T383S G392R,0.06,0.1,0.14,0.29,0.15,5.78e-06,5.78e-06,5.78e-06,7.56e-06,5.78e-06
10.909,7.0,V50T H78K R381T T383S G392R,0.2,0.15,0.23,0.49,0.19,6.06e-06,5.78e-06,6.36e-06,3.1e-05,5.78e-06
10.912,7.0,H78K R381T T383S G392R L407Y,0.26,0.19,0.23,0.33,0.28,3.24e-05,6.26e-06,6.66e-06,7.8e-06,5.78e-06
10.913,7.0,H78K R381T T383S G392R L414E,0.07,0.04,0.05,0.11,0.07,5.78e-06,5.78e-06,5.78e-06,5.78e-06,5.78e-06
10.914,7.0,H78K A317C R381T T383S G392R,1.86,1.22,1.01,0.98,0.58,0.102,0.295,0.768,0.223,7.68e-06
10.915,8.0,H78K A317D R381T T383S G392R,0.38,0.23,0.29,0.26,0.14,0.00012,8.57e-05,2.52e-06,1.76e-06,1.29e-06
10.916,8.0,H78K A317E R381T T383S G392R,0.27,0.22,0.2,0.14,0.07,2.72e-06,1.39e-06,1.37e-06,1.35e-06,1.29e-06
10.917,7.0,H78K A317F R381T T383S G392R,0.24,0.23,0.26,0.21,0.11,0.000196,8.8e-05,7.56e-06,6.99e-06,5.78e-06
10.918,8.0,H78K A317G R381T T383S G392R,0.14,0.15,0.15,0.2,0.12,2.26e-06,1.35e-06,1.74e-06,1.63e-06,1.29e-06
10.919,7.0,H78K A317I R381T T383S G392R,1.04,0.89,0.8,0.64,0.33,0.904,0.912,0.14,0.000259,5.78e-06
10.920,4.0,H78K A317K R381T T383S G392R,0.21,0.09,0.03,0.01,0.09,0.00102,0.000582,0.000582,0.000582,0.000582
10.921,46.0,H78K A317L R381T T383S G392R,3.02,2.04,1.21,0.63,0.33,0.00415,0.0446,0.892,0.000123,2.63e-05
10.923,7.0,H78K A317N R381T T383S G392R,0.38,0.28,0.22,0.14,0.07,2.68e-05,6.36e-06,6.16e-06,6.36e-06,5.78e-06
10.924,6.0,H78K A317P R381T T383S G392R,0.1,0.09,0.1,0.13,0.15,2.68e-05,2.63e-05,2.63e-05,2.7600000000000007e-05,2.63e-05
10.925,4.0,H78K A317Q R381T T383S G392R,0.27,0.23,0.21,0.15,0.07,0.000602,0.000592,0.000602,0.000612,0.000582
10.926,5.0,H78K A317R R381T T383S G392R,0.12,0.05,0.02,0.02,0.06,0.000169,0.000122,0.000122,0.000122,0.000122
10.927,7.0,H78K A317S R381T T383S G392R,1.27,0.64,0.49,0.53,0.28,0.735,0.0716,0.0035,2.49e-05,5.78e-06
10.928,5.0,H78K A317T R381T T383S G392R,1.88,1.13,0.91,0.83,0.47,0.113,0.46,0.5920000000000001,0.0278,0.000124
10.929,5.0,H78K A317V R381T T383S G392R,1.55,1.33,1.06,0.73,0.53,0.124,0.0461,0.595,0.0044,0.000161
10.930,6.0,H78K A317W R381T T383S G392R,0.72,0.47,0.26,0.12,0.09,0.0249,0.00148,3.4e-05,2.72e-05,2.63e-05
10.933,7.0,H78K R381T T383S A390E G392R,0.33,0.28,0.27,0.49,0.44,8.17e-06,1.28e-05,1.56e-05,1.3e-05,5.78e-06
10.934,7.0,H78K R381T T383S A390F G392R,0.72,0.59,0.47,0.68,1.2,0.03,0.0033200000000000005,0.000146,0.000154,0.00433
10.935,6.0,H78K R381T T383S A390G G392R,0.63,0.46,0.44,0.61,0.46,0.0153,0.0005110000000000001,0.0004,0.000252,2.63e-05
10.936,6.0,H78K R381T T383S A390I G392R,0.23,0.31,0.32,0.45,0.38,2.81e-05,2.9e-05,3.92e-05,3.79e-05,2.63e-05
10.937,6.0,H78K R381T T383S A390K G392R,0.13,0.16,0.19,0.42,0.23,2.68e-05,2.68e-05,2.7600000000000007e-05,3.68e-05,2.63e-05
10.938,4.0,H78K R381T T383S A390L G392R,0.45,0.21,0.21,0.45,0.37,0.00223,0.00114,0.0014199999999999998,0.0007559999999999999,0.000582
10.939,7.0,H78K R381T T383S A390M G392R,0.3,0.24,0.26,0.31,0.65,0.000621,0.000386,0.00028700000000000004,1.6800000000000002e-05,1.9e-05
10.940,7.0,H78K R381T T383S A390N G392R,0.34,0.3,0.28,0.59,0.55,2.84e-05,6.26e-06,8.43e-06,1.36e-05,6.56e-06
10.941,6.0,H78K R381T T383S A390P G392R,0.13,0.11,0.12,0.26,0.39,2.72e-05,2.63e-05,2.63e-05,3.24e-05,2.63e-05
10.942,6.0,H78K R381T T383S A390Q G392R,0.33,0.28,0.38,0.65,0.76,5.95e-05,3.24e-05,5.600000000000001e-05,0.000101,0.000204
10.944,5.0,H78K R381T T383S A390V G392R,0.58,0.49,0.38,0.48,0.26,0.0798,0.000683,0.000395,0.000319,0.000122
10.945,6.0,H78K R381T T383S G392R M411C,1.08,0.71,0.61,0.9,0.37,0.8290000000000001,0.198,0.0699,0.0542,2.63e-05
10.946,4.0,H78K R381T T383S G392R M411E,0.26,0.3,0.27,0.52,0.37,0.000612,0.000612,0.0007559999999999999,0.00299,0.000582
10.947,6.0,H78K R381T T383S G392R M411F,0.68,0.67,0.64,0.56,0.27,0.0319,0.0017,0.00425,0.000136,2.63e-05
10.948,4.0,H78K R381T T383S G392R M411K,0.2,0.24,0.21,0.5,0.23,0.0249,0.000602,0.0006320000000000001,0.0008460000000000001,0.000582
10.949,7.0,H78K R381T T383S G392R M411L,0.54,0.49,0.52,0.78,0.31,0.00321,7.55e-05,7.340000000000001e-05,0.000949,5.78e-06
10.950,5.0,H78K R381T T383S G392R M411N,0.14,0.11,0.18,0.44,0.28,0.000126,0.000122,0.000122,0.000194,0.000122
10.954,5.0,H78K R381T T383S G392R M411W,0.76,0.87,0.94,0.92,0.4,0.251,0.191,0.24,0.163,0.000122
10.955,6.0,W43A H78K R381T T383S G392R,0.24,0.14,0.16,0.29,0.2,2.7600000000000007e-05,2.63e-05,2.63e-05,3.24e-05,2.63e-05
10.956,7.0,W43H H78K R381T T383S G392R,0.21,0.15,0.12,0.18,0.13,6.06e-06,5.87e-06,6.06e-06,6.46e-06,5.78e-06
10.957,8.0,W43K H78K R381T T383S G392R,0.29,0.23,0.21,0.42,0.26,2.55e-06,1.31e-06,1.35e-06,2.67e-06,1.29e-06
10.958,8.0,W43M H78K R381T T383S G392R,0.19,0.28,0.25,0.56,0.35,2.29e-06,1.56e-06,1.94e-06,4.6e-05,1.29e-06
10.960,8.0,W43Q H78K R381T T383S G392R,0.26,0.14,0.14,0.21,0.18,1.61e-06,1.29e-06,1.29e-06,1.53e-06,1.29e-06
10.961,8.0,W43R H78K R381T T383S G392R,0.26,0.22,0.22,0.49,0.34,1.39e-06,1.37e-06,1.35e-06,3.21e-06,1.29e-06
10.962,7.0,W43S H78K R381T T383S G392R,0.1,0.09,0.1,0.14,0.16,7.56e-06,5.78e-06,5.78e-06,6.16e-06,5.78e-06
10.963,8.0,W43T H78K R381T T383S G392R,0.26,0.19,0.16,0.2,0.17,1.42e-06,1.29e-06,1.29e-06,1.56e-06,1.29e-06
10.965,7.0,N44H H78K R381T T383S G392R,0.37,0.36,0.36,0.47,0.27,1.87e-05,3.34e-05,4.66e-05,1.3e-05,5.78e-06
10.966,4.0,N44M H78K R381T T383S G392R,0.47,0.4,0.41,0.43,0.29,0.00118,0.000768,0.00096,0.0007440000000000001,0.000582
10.968,4.0,N44W H78K R381T T383S G392R,0.3,0.28,0.26,0.29,0.15,0.0006219999999999999,0.000612,0.0006320000000000001,0.000686,0.000582
10.969,5.0,N44K H78K R381T T383S G392R,0.47,0.49,0.44,0.51,0.4,0.000663,0.000372,0.00035,0.000266,0.000122
10.970,6.0,N44L H78K R381T T383S G392R,0.36,0.33,0.33,0.39,0.27,3.92e-05,2.9e-05,3.24e-05,3.4e-05,2.63e-05
10.971,5.0,V50A H78K R381T T383S G392R,0.19,0.18,0.19,0.28,0.18,0.000128,0.000122,0.000122,0.000146,0.000122
10.972,7.0,V50C H78K R381T T383S G392R,0.14,0.22,0.28,0.38,0.32,0.000245,6.06e-06,6.88e-06,8.17e-06,5.78e-06
10.975,7.0,V50G H78K R381T T383S G392R,0.1,0.08,0.08,0.07,0.13,5.87e-06,5.78e-06,5.78e-06,5.78e-06,5.78e-06
10.976,8.0,V50L H78K R381T T383S G392R,0.62,0.65,0.61,0.57,0.6,0.000646,0.000377,0.000224,3.21e-06,6.78e-06
10.978,4.0,V50P H78K R381T T383S G392R,0.13,0.05,0.04,0.04,0.15,0.000582,0.000582,0.000582,0.000582,0.000582
10.979,6.0,V50Q H78K R381T T383S G392R,0.11,0.12,0.15,0.15,0.17,0.00425,2.63e-05,2.85e-05,2.9e-05,2.63e-05
10.980,5.0,V50W H78K R381T T383S G392R,0.11,0.19,0.16,0.21,0.55,0.000126,0.000124,0.000124,0.000146,0.000128
10.981,8.0,H78K R381T T383S G392R L407D,0.1,0.02,0.02,0.03,0.08,1.29e-06,1.29e-06,1.29e-06,1.29e-06,1.29e-06
10.982,7.0,H78K R381T T383S G392R L407F,0.1,0.23,0.28,0.44,0.48,5.97e-06,5.87e-06,6.56e-06,8.7e-06,5.78e-06
10.983,6.0,H78K R381T T383S G392R L407G,0.06,0.06,0.07,0.11,0.21,2.63e-05,2.63e-05,2.63e-05,2.68e-05,2.63e-05
10.984,8.0,H78K R381T T383S G392R L407K,0.07,0.03,0.03,0.06,0.19,1.29e-06,1.29e-06,1.29e-06,1.29e-06,1.29e-06
10.986,5.0,H78K R381T T383S G392R L407P,0.09,0.04,0.04,0.04,0.06,0.000124,0.000122,0.000122,0.000122,0.000122
10.987,7.0,H78K R381T T383S G392R L407R,0.15,0.06,0.05,0.11,0.14,5.87e-06,5.78e-06,5.78e-06,5.78e-06,5.78e-06
10.988,7.0,H78K R381T T383S G392R L407T,0.13,0.15,0.19,0.38,0.28,8.57e-06,5.87e-06,6.66e-06,9.4e-06,5.78e-06
10.989,7.0,H78K R381T T383S G392R L407V,0.39,0.49,0.6,0.69,0.28,0.000427,0.0005690000000000001,0.0015,0.000562,5.78e-06
10.990,7.0,H78K R381T T383S G392R L414C,0.33,0.51,0.53,0.39,0.17,0.000233,0.000101,0.000221,1.5399999999999998e-05,5.78e-06
10.991,6.0,H78K R381T T383S G392R L414D,0.2,0.13,0.14,0.16,0.06,2.7600000000000007e-05,2.63e-05,2.63e-05,2.85e-05,2.63e-05
10.992,7.0,H78K R381T T383S G392R L414F,0.27,0.38,0.49,0.73,0.29,4.46e-05,0.000124,0.000227,0.000344,5.78e-06
10.993,6.0,H78K R381T T383S G392R L414I,0.33,0.1,0.04,0.03,0.05,3.2899999999999987e-05,2.63e-05,2.63e-05,2.63e-05,2.63e-05
10.996,8.0,H78K R381T T383S G392R L414Q,0.19,0.16,0.22,0.26,0.08,0.000156,4.54e-05,2.84e-06,1.68e-06,1.29e-06
10.997,8.0,H78K R381T T383S G392R L414R,0.11,0.07,0.07,0.09,0.05,1.31e-06,1.29e-06,1.29e-06,1.29e-06,1.29e-06
10.998,7.0,H78K R381T T383S G392R L414V,0.15,0.19,0.25,0.42,0.22,0.000154,0.000126,9.43e-05,3.06e-05,5.78e-06
10.999,4.0,A49C H78K R381T T383S G392R,1.95,0.96,0.61,0.57,0.55,0.247,0.409,0.0567,0.000976,0.000582
10.1000,6.0,A49D H78K R381T T383S G392R,0.45,0.17,0.08,0.05,0.16,0.000353,2.63e-05,2.63e-05,2.63e-05,2.63e-05
10.1002,6.0,A49F H78K R381T T383S G392R,0.51,0.36,0.36,0.53,0.69,0.00152,0.00117,0.000554,0.00108,3.98e-05
10.1003,8.0,A49G H78K R381T T383S G392R,0.53,0.4,0.4,0.45,0.13,0.00106,3.36e-06,3.62e-06,2.55e-06,1.29e-06
10.1004,5.0,A49H H78K R381T T383S G392R,0.43,0.41,0.41,0.32,0.08,0.00316,0.000194,0.000238,0.000161,0.000122
10.1008,4.0,A49S H78K R381T T383S G392R,0.32,0.24,0.32,0.27,0.16,0.00478,0.000612,0.0008869999999999998,0.000819,0.000582
10.1009,6.0,A49T H78K R381T T383S G392R,0.49,0.49,0.46,0.7,0.39,0.00283,0.001,0.00183,0.0158,2.63e-05
10.1010,6.0,A49V H78K R381T T383S G392R,1.65,1.33,1.14,0.87,1.27,0.0233,0.262,0.7240000000000001,0.151,0.00231
10.1011,7.0,A49W H78K R381T T383S G392R,0.42,0.22,0.17,0.37,0.33,1.47e-05,6.06e-06,5.87e-06,9.699999999999999e-06,5.78e-06
10.1012,4.0,A49Y H78K R381T T383S G392R,0.25,0.23,0.26,0.45,0.22,0.0496,0.0221,0.0168,0.0008730000000000001,0.000582
10.1013,7.0,A52E H78K R381T T383S G392R,0.13,0.07,0.04,0.02,0.28,6.16e-06,5.78e-06,5.78e-06,5.78e-06,6.16e-06
10.1017,6.0,A52I H78K R381T T383S G392R,0.47,0.39,0.33,0.38,0.16,8.2e-05,5.69e-05,4.8e-05,3.68e-05,2.63e-05
10.1018,5.0,A52L H78K R381T T383S G392R,0.47,0.45,0.32,0.26,0.11,0.00289,0.000262,0.00015800000000000002,0.00014099999999999998,0.000122
10.1020,7.0,A52N H78K R381T T383S G392R,0.2,0.14,0.09,0.07,0.11,1.0800000000000003e-05,5.78e-06,5.78e-06,5.78e-06,5.78e-06
10.1021,5.0,A52P H78K R381T T383S G392R,0.14,0.06,0.03,0.02,0.21,0.000122,0.000122,0.000122,0.000122,0.000122
10.1022,4.0,A52R H78K R381T T383S G392R,0.33,0.09,0.03,0.02,0.09,0.000793,0.000582,0.000582,0.000582,0.000582
10.1023,7.0,A52S H78K R381T T383S G392R,0.4,0.22,0.24,0.18,0.08,2.49e-05,6.46e-06,6.66e-06,6.66e-06,5.78e-06
10.1024,7.0,A52T H78K R381T T383S G392R,0.56,0.5,0.47,0.36,0.13,0.0007830000000000001,0.00145,8.209999999999999e-05,9.55e-06,5.78e-06
10.1025,7.0,A52V H78K R381T T383S G392R,1.34,1.22,0.85,0.69,0.23,0.443,0.915,0.193,7.240000000000001e-05,5.78e-06
10.1026,8.0,N44I H78K R381T T383S G392R,0.5,0.51,0.45,0.51,0.3,0.00895,0.0004,0.000162,2.26e-05,1.29e-06
10.1028,7.0,H78K R381T T383S G392R L407E,0.0,0.02,0.02,0.03,0.08,5.78e-06,5.78e-06,5.78e-06,5.78e-06,5.78e-06
10.1030,8.0,H78K R381T T383S G392R L414H,0.05,0.06,0.08,0.09,0.08,1.29e-06,1.29e-06,1.29e-06,1.29e-06,1.29e-06
10.1031,7.0,A49N H78K R381T T383S G392R,0.08,0.07,0.08,0.07,0.09,5.87e-06,5.87e-06,5.78e-06,5.87e-06,5.78e-06
10.1032,7.0,A49R H78K R381T T383S G392R,0.27,0.22,0.19,0.2,0.08,1.1e-05,8.05e-06,5.97e-06,6.77e-06,5.78e-06
10.1033,7.0,A52K H78K R381T T383S G392R,0.1,0.06,0.02,0.01,0.05,6.06e-06,5.78e-06,5.78e-06,5.78e-06,5.78e-06
10.1034,8.0,A52W H78K R381T T383S G392R,0.34,0.3,0.32,0.37,0.13,7.41e-06,1.88e-06,1.94e-06,1.79e-06,1.29e-06
10.1035,7.0,H78K A317H R381T T383S G392R,0.15,0.09,0.1,0.07,0.07,6.16e-06,5.78e-06,5.78e-06,5.78e-06,5.78e-06
10.1038,7.0,W43P H78K R381T T383S G392R,0.1,0.07,0.07,0.06,0.14,5.87e-06,5.78e-06,5.78e-06,5.78e-06,5.78e-06
10.1039,7.0,V50K H78K R381T T383S G392R,0.05,0.06,0.07,0.07,0.1,5.78e-06,5.78e-06,5.78e-06,5.78e-06,5.78e-06
10.1040,8.0,V50R H78K R381T T383S G392R,0.1,0.07,0.09,0.11,0.17,1.29e-06,1.29e-06,1.29e-06,1.31e-06,1.29e-06
10.1041,6.0,H78K R381T T383S G392R L407C,0.07,0.08,0.14,0.3,0.27,2.72e-05,2.68e-05,2.63e-05,3.2899999999999987e-05,2.63e-05
10.1042,7.0,H78K R381T T383S G392R L414K,0.09,0.05,0.04,0.03,0.07,5.78e-06,5.78e-06,5.78e-06,5.78e-06,5.78e-06
10.1043,7.0,H78K R381T T383S G392R L414N,0.09,0.06,0.08,0.09,0.07,5.97e-06,5.78e-06,5.78e-06,5.78e-06,5.78e-06
10.1044,8.0,H78K R381T T383S G392R L414T,0.06,0.12,0.21,0.23,0.14,4.97e-06,2.48e-06,1.44e-06,1.79e-06,1.29e-06
10.1045,8.0,A49Q H78K R381T T383S G392R,0.06,0.09,0.1,0.11,0.08,1.35e-06,1.31e-06,1.29e-06,1.39e-06,1.29e-06
10.1046,8.0,A52C H78K R381T T383S G392R,0.19,0.28,0.34,0.34,0.17,2.26e-06,1.61e-06,3.21e-06,2.29e-06,1.29e-06
10.1047,8.0,A52D H78K R381T T383S G392R,0.13,0.05,0.04,0.02,0.22,1.29e-06,1.29e-06,1.29e-06,1.29e-06,1.29e-06
10.1049,8.0,A52Y H78K R381T T383S G392R,0.27,0.24,0.21,0.16,0.1,2e-06,1.48e-06,1.39e-06,1.44e-06,1.29e-06
10.1050,6.0,H78K R381T T383S A390D G392R,0.51,0.74,0.67,0.65,0.48,0.00392,0.00481,0.00181,8.2e-05,2.63e-05
10.1051,7.0,H78K R381T T383S A390H G392R,0.55,0.69,0.8,0.75,0.79,0.0257,0.1,0.081,0.000291,6.29e-05
10.1052,8.0,H78K R381T T383S A390S G392R,0.54,0.56,0.49,0.63,0.41,0.000339,7.04e-05,2.05e-05,2.42e-05,1.29e-06
10.1053,8.0,H78K R381T T383S A390W G392R,0.76,0.58,0.58,1.12,0.85,0.103,0.00549,0.00518,0.477,0.00216
10.1054,7.0,H78K R381T T383S A390Y G392R,2.33,1.95,1.5,1.37,2.56,0.000411,0.00466,0.0877,0.000215,5.78e-06
10.1055,8.0,H78K R381T T383S G392R M411A,0.38,0.42,0.38,0.54,0.38,0.000293,9.88e-05,0.000145,2.42e-05,1.29e-06
10.1059,8.0,H78K R381T T383S G392R M411R,0.33,0.25,0.21,0.27,0.21,3.5600000000000005e-05,2.26e-06,1.68e-06,1.71e-06,1.29e-06
10.1060,8.0,H78K R381T T383S G392R M411V,1.39,1.08,0.91,1.0,0.49,0.706,1.0,0.504,0.5329999999999999,1.31e-06
10.1061,8.0,A49I H78K R381T T383S G392R,0.72,0.73,0.7,0.64,1.14,0.006220000000000001,0.015,0.00444,9.77e-06,0.00946
10.1062,7.0,A49K H78K R381T T383S G392R,0.17,0.19,0.2,0.25,0.14,5.87e-06,5.78e-06,5.87e-06,7.32e-06,5.78e-06
10.1063,8.0,H78K R381T T383S G392R M411T,0.37,0.38,0.4,0.44,0.36,3.07e-06,1.85e-06,2.76e-06,1.97e-06,1.29e-06
10.1064,8.0,H78K R381T T383S G392R M411Y,0.43,0.39,0.41,0.48,0.33,1.0800000000000003e-05,2.19e-06,3.91e-06,2.29e-06,1.29e-06
10.1066,6.0,N44A H78K R381T T383S G392R,0.54,0.44,0.4,0.5,0.36,0.0004280000000000001,6.53e-05,5.4299999999999985e-05,4.370000000000001e-05,2.63e-05
10.1067,8.0,N44F H78K R381T T383S G392R,0.44,0.34,0.27,0.27,0.18,7.04e-05,3.68e-06,1.79e-06,1.68e-06,1.29e-06
10.1068,7.0,N44G H78K R381T T383S G392R,0.57,0.62,0.54,0.68,0.38,0.00411,0.00506,0.00117,0.000144,5.78e-06
10.1074,8.0,H78K R381T T383S G392R M411I,0.3,0.29,0.36,0.45,0.48,0.000108,1.34e-05,6.3e-06,1.88e-05,1.29e-06
10.1075,8.0,N44T H78K R381T T383S G392R,0.44,0.42,0.44,0.51,0.41,3.52e-06,1.05e-05,1.01e-05,2.98e-06,1.29e-06
10.1077,8.0,H78K R381T T383S G392R L414Y,0.05,0.06,0.08,0.13,0.11,1.29e-06,1.29e-06,1.29e-06,1.39e-06,1.29e-06
10.1080,7.0,L59Q E60P H78K A317E,0.47,0.47,0.41,0.28,0.13,9.18e-05,1.82e-05,1.24e-05,7.44e-06,5.78e-06
10.1081,8.0,L59Q E60P,0.65,0.64,0.58,1.22,0.32,0.0075099999999999984,0.00139,0.0004,0.27,1.29e-06
10.1083,8.0,L59Q E60P H78K A317E R381T T383S,0.61,0.45,0.34,0.23,0.28,0.0114,2.52e-05,2.93e-06,1.66e-06,1.29e-06
10.1084,7.0,L59Q E60P H78K V105R T383S,0.86,0.4,0.38,0.32,0.22,0.068,2.97e-05,9.699999999999999e-06,8.3e-06,5.78e-06
10.1085,8.0,L59Q E60P H78K V105R T383S G392R,0.82,0.32,0.25,0.31,0.17,0.116,3.26e-06,1.88e-06,1.71e-06,1.29e-06
10.1086,7.0,L59Q E60P H78K V105R L302T P303R T383S,1.03,0.59,0.46,0.28,0.21,0.574,0.00419,0.000135,7.32e-06,5.78e-06
10.1087,7.0,L59Q E60P H78K V105R A317E T383S,0.74,0.29,0.21,0.11,0.16,0.00314,2.6e-05,6.46e-06,5.97e-06,5.78e-06
10.1088,8.0,L59Q E60P H78K V105R A317E T383S G392R,0.65,0.24,0.15,0.08,0.1,0.001,1.44e-06,1.31e-06,1.29e-06,1.29e-06
10.1089,8.0,L59Q E60P H78K V105R T383S G392R N399P,0.25,0.07,0.03,0.02,0.04,7.09e-06,1.29e-06,1.29e-06,1.29e-06,1.29e-06
10.1091,6.0,L59Q E60P H78K T383S G392R N399P,0.09,0.05,0.05,0.07,0.08,4.650000000000001e-05,2.63e-05,2.63e-05,2.63e-05,2.63e-05
10.1092,5.0,L59Q E60P H78K V105R R381T T383S,0.89,0.31,0.29,0.32,0.27,0.149,0.000151,0.00014099999999999998,0.000151,0.000122
10.1093,7.0,L59Q E60P H78K V105R R381T T383S G392R N399P,0.5,0.13,0.03,0.02,0.03,0.000295,5.78e-06,5.78e-06,5.78e-06,5.78e-06
10.1094,8.0,L59Q E60P H78K T383S N399P,0.11,0.02,0.01,0.03,0.04,1.29e-06,1.29e-06,1.29e-06,1.29e-06,1.29e-06
10.1095,8.0,L59Q E60P H78K T383S G392R N399P,0.03,0.07,0.05,0.07,0.06,1.29e-06,1.29e-06,1.29e-06,1.29e-06,1.29e-06
10.1096,7.0,L59Q E60P M378G K379S D382W,0.98,0.66,0.79,1.84,0.53,0.88,0.0101,0.165,0.0034200000000000003,5.87e-06
10.1097,6.0,L59Q E60P H78K A317E M378G K379S D382W,0.27,0.31,0.4,0.32,0.07,2.99e-05,3.04e-05,5.02e-05,3.4e-05,2.63e-05
10.1098,5.0,L59Q E60P A317E M378G K379S,0.64,0.57,0.64,0.7,0.1,0.0535,0.0208,0.0448,0.00116,0.000122
10.1101,8.0,L59Q E60P M378G R381T D382W T383S G392R,0.4,0.33,0.28,0.94,0.44,0.00011,2.12e-06,2.19e-06,0.239,1.29e-06
10.1102,7.0,L59Q E60P M378G R381T T383S,0.9,0.94,0.92,2.3,0.34,0.6759999999999999,0.312,0.412,1.99e-05,5.78e-06
10.1103,8.0,L59Q E60P R381T D382W T383S,0.28,0.18,0.18,0.3,0.21,2.4e-06,1.44e-06,1.35e-06,1.76e-06,1.29e-06
10.1104,8.0,L59Q E60P M378G R381T T383S G392R,0.66,0.53,0.59,1.43,0.35,0.00122,0.000149,0.000221,0.0136,1.29e-06
10.1105,8.0,L59Q E60P R381T T383S,0.92,0.84,0.63,1.15,0.21,0.42,0.0642,0.00671,0.598,1.29e-06
10.1106,8.0,L59Q E60P H78K R381T D382W T383S,-0.02,0.0,0.01,0.19,0.04,1.29e-06,1.29e-06,1.29e-06,1.53e-06,2.63e-05
10.1107,8.0,L59Q E60P H78K M378G R381T D382W T383S G392R,0.19,0.13,0.15,0.57,0.39,1.6800000000000002e-05,1.35e-06,2.06e-06,0.000949,1.29e-06
10.1108,6.0,L59Q E60P R381T T383S,0.83,0.5,0.55,0.94,0.23,0.253,0.0016600000000000002,0.0012,0.402,2.63e-05
10.1109,7.0,L59Q E60P H78K K379S D382W,0.64,0.42,0.4,1.08,0.53,0.0144,0.000128,2.34e-05,0.335,7.68e-06
10.1110,8.0,L59Q E60P H78K M378G D382W,0.21,0.19,0.24,0.65,0.34,1.35e-06,1.35e-06,1.42e-06,0.000221,1.29e-06
10.1112,7.0,L59Q E60P H78K A317E M378G K379S D382W T383S,0.28,0.26,0.26,0.22,0.09,2.02e-05,1.02e-05,8.84e-06,7.32e-06,5.78e-06
10.1113,5.0,L59Q E60P H78K A317E M378G K379S,0.76,0.75,0.55,0.57,0.1,0.126,0.0199,0.00172,0.000366,0.000122
10.1114,7.0,L59Q E60P K379S T383S,0.58,0.47,0.46,1.51,0.49,0.0076799999999999985,4.15e-05,0.000221,0.0144,5.78e-06
10.1115,7.0,L59Q E60P M378G T383S,0.56,0.52,0.55,0.9,0.33,0.00113,2.68e-05,4.73e-05,0.0264,5.78e-06
10.1116,7.0,L59Q E60P,0.66,0.56,0.51,1.11,0.34,0.00411,0.000199,0.00014,0.725,5.78e-06
10.1117,5.0,L59Q E60P A317E K379S,0.43,0.27,0.25,0.46,0.13,0.00244,0.000177,0.00014099999999999998,0.00103,0.000122
10.1118,8.0,L59Q E60P A317E M378G T383S,0.43,0.27,0.19,0.15,0.14,1.2e-05,1.71e-06,1.39e-06,1.42e-06,1.29e-06
10.1119,7.0,L59Q E60P A317E,0.42,0.35,0.32,0.23,0.12,0.000242,6.77e-06,7.32e-06,6.88e-06,5.78e-06
10.1122,7.0,L59Q E60P T383S,0.74,0.79,0.72,1.07,0.2,0.2,0.0385,0.00109,0.888,5.78e-06
10.1123,8.0,L59Q E60P H78K D382W T383S,0.0,0.06,0.11,0.49,0.13,1.29e-06,1.29e-06,1.33e-06,2.72e-06,1.29e-06
10.1124,7.0,L59Q E60P H78K A317E M378G,0.49,0.38,0.31,0.22,0.08,0.0108,0.000455,0.00014199999999999998,7.92e-06,5.78e-06
10.1125,8.0,L59Q E60P A317E D382W T383S,0.29,0.23,0.18,0.17,0.18,6.21e-06,1.63e-06,1.37e-06,1.51e-06,1.29e-06
10.1126,8.0,L59Q E60P H78K A317E M378G T383S,0.34,0.27,0.2,0.12,0.09,2.4e-06,1.51e-06,1.39e-06,1.39e-06,1.29e-06
10.1127,7.0,L59Q E60P H78K A317E K379S T383S,0.9,0.66,0.58,0.68,0.13,0.252,0.00197,0.000114,0.000773,5.78e-06
10.1128,5.0,L59Q E60P H78K A317E D382W T383S,0.32,0.03,0.01,0.01,0.03,0.00172,0.000122,0.000122,0.000122,0.000582
10.1129,8.0,L59Q E60P H78K A317D R381T T383S G392R,0.24,0.29,0.24,0.21,0.12,1.61e-06,2.8e-06,1.71e-06,1.61e-06,1.29e-06
10.1130,7.0,L59Q E60P H78K A317G R381T T383S G392R,0.83,0.52,0.36,0.6,0.23,0.408,0.0114,3.44e-05,6.38e-05,5.78e-06
10.1131,32.0,L59Q E60P H78K R381T T383S G392R,0.46,0.37,0.41,1.03,0.28,0.112,0.0218,0.0118,0.623,5.78e-06
10.1133,4.0,L59Q E60P H78K K78N L302T P303R Y380D R381T T383S G392R,0.25,0.23,0.27,0.15,0.22,0.00104,0.0006219999999999999,0.0006219999999999999,0.000612,0.000582
10.1134,4.0,L59Q E60P H78K V105N L302T P303R Y380D R381T T383S G392R,0.94,0.56,0.36,0.26,0.23,0.481,0.0032600000000000003,0.0007559999999999999,0.000675,0.000582
10.1135,7.0,L59Q E60P H78K V105S L302T P303R Y380D R381T T383S G392R,1.05,0.67,0.48,0.33,0.23,0.509,0.0006129999999999999,4.4e-05,7.8e-06,5.78e-06
10.1136,6.0,L59Q E60P H78K L302T P303R A317E R381T T383S G392R,0.6,0.41,0.31,0.2,0.1,0.0286,0.000174,3.510000000000001e-05,3.09e-05,2.63e-05
10.1137,8.0,L59Q E60P H78K V105G L302T P303R Y380D R381T T383S G392R,0.65,0.41,0.29,0.24,0.26,0.0262,4.75e-06,1.74e-06,1.71e-06,1.29e-06
10.1138,7.0,L59Q E60P H78K V105K L302T P303R Y380D R381T T383S G392R,0.84,0.64,0.46,0.38,0.24,0.35200000000000004,0.000314,1.42e-05,8.3e-06,5.78e-06
10.1139,5.0,L59Q E60P H78K V105P L302T P303R Y380D R381T T383S G392R,0.9,0.52,0.48,0.42,0.25,0.29600000000000004,0.0007030000000000001,0.000291,0.000153,0.000122
10.1140,4.0,L59Q E60P H78K V105W L302T P303R Y380D R381T T383S G392R,0.51,0.42,0.29,0.35,0.19,0.00173,0.000991,0.000768,0.000686,0.000582
10.1143,8.0,L59Q E60P H78K K78R L302T P303R Y380D R381T T383S G392R,0.86,0.63,0.47,0.51,0.31,0.0976,0.000133,9.91e-06,3.31e-06,1.29e-06
10.1144,8.0,L59Q E60P H78K K78G L302T P303R Y380D R381T T383S G392R,1.45,0.94,0.69,0.48,0.41,0.0885,0.39,0.00565,2.52e-06,1.29e-06
10.1145,8.0,L59Q E60P H78K K78N L302T P303R Y380D R381T T383S G392R,0.53,0.49,0.42,0.43,0.28,0.00386,0.000103,1.3e-05,2.22e-06,1.29e-06
10.1146,7.0,L59Q E60P H78K K78C L302T P303R Y380D R381T T383S G392R,0.78,0.52,0.35,0.26,0.4,0.028999999999999998,0.00016299999999999998,8.43e-06,6.99e-06,5.78e-06
10.1147,7.0,L59Q E60P L302T P303R Y380D R381T T383S G392R,1.56,0.97,0.7,0.7,0.31,0.0471,0.773,0.00361,0.000737,5.78e-06
10.1148,8.0,L59Q E60P H78K K78M L302T P303R Y380D R381T T383S G392R,1.42,0.89,0.66,0.73,0.36,0.17,0.16,0.00134,0.000108,1.29e-06
10.1149,7.0,L59Q E60P H78K L302T P303R T383S,0.58,0.37,0.33,0.36,0.22,0.0177,0.00228,0.000438,4.2100000000000014e-05,5.78e-06
10.1150,8.0,L59Q E60P H78K L302T P303R T383S G392R,0.95,0.79,0.56,0.6,0.24,0.629,0.05,0.000203,5.94e-06,1.29e-06
10.1151,6.0,L59Q E60P H78K R303L P303R R381T T383S G392R,0.58,0.41,0.37,0.56,0.23,0.006790000000000001,0.000213,6.73e-05,0.000101,2.63e-05
10.1154,5.0,L59Q E60P H78K P303R R303T R381T T383S G392R,0.87,0.5,0.36,0.7,0.26,0.224,0.00815,0.00028700000000000004,0.00103,0.000122
10.1155,7.0,L59Q E60P H78K R303C P303R R381T T383S G392R,0.87,0.43,0.29,0.59,0.22,0.0594,1.6100000000000002e-05,8.17e-06,2.4100000000000006e-05,5.78e-06
10.1156,7.0,L59Q E60P H78K P303R R303W R381T T383S G392R,0.72,0.43,0.46,0.92,0.32,0.0489,0.000123,3.75e-05,0.414,5.78e-06
10.1157,7.0,L59Q E60P H78K R303H P303R R381T T383S G392R,0.7,0.44,0.33,0.49,0.28,0.008,1.32e-05,9.699999999999999e-06,0.0005690000000000001,5.78e-06
10.1158,8.0,L59Q E60P H78K R303I P303R R381T T383S G392R,0.97,0.66,0.47,0.81,0.24,0.496,0.00111,1.16e-05,0.00863,1.29e-06
10.1159,6.0,L59Q E60P R381T T383S G392R,0.6,0.37,0.3,0.78,0.26,0.0482,6.43e-05,7.48e-05,0.0533,2.63e-05
10.1160,8.0,L59Q E60P H78K M378G R381T T383S G392R,1.74,1.04,0.65,1.68,0.51,0.0982,0.718,0.0545,0.0629,1.61e-06
10.1161,6.0,L59Q E60P H78K R303F P303R R381T T383S G392R,0.95,0.39,0.28,0.35,0.25,0.384,5.1e-05,3.92e-05,0.000668,2.63e-05
10.1164,7.0,L59Q E60P H78K A317L R381T T383S G392R,2.74,2.1,1.52,0.89,0.23,0.000154,0.00168,0.00424,0.157,5.78e-06
10.1165,7.0,L59Q E60P H78K A317M R381T T383S G392R,0.99,0.54,0.58,0.57,0.13,0.59,0.000165,6.65e-05,2.52e-05,5.78e-06
10.1166,7.0,L59Q E60P H78K A317N R381T T383S G392R,0.48,0.21,0.12,0.21,0.22,6.65e-05,5.87e-06,5.78e-06,6.88e-06,5.78e-06
10.1167,6.0,L59Q E60P H78K A317P R381T T383S G392R,0.37,0.12,0.11,0.19,0.13,3.620000000000001e-05,2.68e-05,2.63e-05,2.95e-05,2.63e-05
10.1168,4.0,L59Q E60P H78K A317Q R381T T383S G392R,0.73,0.26,0.15,0.14,0.24,0.131,0.000612,0.000582,0.000612,0.000582
10.1169,7.0,L59Q E60P H78K A317R R381T T383S G392R,0.33,0.27,0.1,0.08,0.3,0.00186,6.46e-06,5.78e-06,5.78e-06,5.78e-06
10.1170,7.0,L59Q E60P H78K A317S R381T T383S G392R,0.75,0.56,0.53,0.79,0.22,0.0877,0.0133,0.000668,0.218,5.78e-06
10.1171,7.0,L59Q E60P H78K A317T R381T T383S G392R,0.49,0.4,0.45,0.69,0.24,0.000131,1.7100000000000002e-05,2.3800000000000006e-05,0.00415,5.78e-06
10.1172,7.0,L59Q E60P H78K A317V R381T T383S G392R,0.44,0.33,0.31,0.5,0.23,0.00145,3.34e-05,1.1e-05,0.000598,5.78e-06
10.1174,4.0,L59Q E60P H78K A317Y R381T T383S G392R,0.99,0.43,0.3,0.19,0.1,0.589,0.000732,0.0006320000000000001,0.0006320000000000001,0.000582
10.1175,7.0,L59Q E60P A317E M378G K379S T383S,0.47,0.32,0.39,1.26,0.45,9.83e-05,6.77e-06,1e-05,0.00603,5.78e-06
10.1176,7.0,L59Q E60P K379S T383S,0.45,0.4,0.51,1.08,0.58,1.5399999999999998e-05,1.06e-05,5.45e-05,0.551,5.87e-06
10.1177,6.0,L59Q E60P H78K L302T P303R A317E Y380D R381T T383S G392R,0.4,0.24,0.24,0.2,0.13,8.070000000000001e-05,3.2899999999999987e-05,2.99e-05,3.14e-05,2.63e-05
10.1179,5.0,L59Q E60P H78K K78Q L302T P303R Y380D R381T T383S G392R,0.36,0.32,0.31,0.48,0.33,0.00643,0.00542,0.00059,0.000459,0.000122
10.1180,8.0,L59Q E60P H78K K78S L302T P303R Y380D R381T T383S G392R,0.43,0.31,0.31,0.52,0.35,4.92e-05,3.76e-05,9.03e-05,3.21e-06,1.29e-06
10.1181,7.0,L59Q E60P H78K T383S G392R,0.28,0.27,0.25,0.53,0.32,8.84e-06,6.36e-06,6.36e-06,2.24e-05,5.78e-06
10.1182,6.0,L59Q E60P A317E M378G K379S T383S,0.66,0.4,0.38,0.4,0.11,0.0486,0.000167,0.000592,3.79e-05,2.63e-05
10.1185,7.0,L59Q E60P G291D M378G D382W T383S,0.92,0.16,0.05,0.02,0.03,0.285,6.46e-06,5.78e-06,5.78e-06,5.78e-06
10.1186,8.0,L59Q E60P H78K L302T P303R A317E Y380D R381T T383S G392R,0.31,0.22,0.23,0.2,0.13,1.96e-05,6.68e-06,1.74e-06,1.51e-06,1.29e-06
10.1187,8.0,L59Q E60P H78K L302T P303R Y380D R381T D382K T383S G392R,0.07,0.07,0.08,0.21,0.2,1.31e-06,1.29e-06,1.29e-06,1.61e-06,1.29e-06
10.1188,6.0,L59Q E60P H78K V105C L302T P303R Y380D R381T T383S G392R,0.78,0.28,0.2,0.2,0.31,0.16899999999999998,3.85e-05,3.79e-05,3.09e-05,2.63e-05
10.1189,8.0,L59Q E60P H78K V105L L302T P303R Y380D R381T T383S G392R,0.4,0.24,0.23,0.33,0.3,7.82e-05,1.07e-05,4.09e-06,2.09e-06,1.29e-06
10.1191,5.0,L59Q E60P H78K V105Y L302T P303R Y380D R381T T383S G392R,0.35,0.25,0.24,0.35,0.28,0.00022,0.000198,0.000315,0.000166,0.000122
10.1192,7.0,L59Q E60P H78K V105H L302T P303R Y380D R381T T383S G392R,0.77,0.65,0.65,0.6,0.3,0.145,0.00865,0.00172,1.58e-05,5.78e-06
10.1194,8.0,L59Q E60P H78K V105I L302T P303R Y380D R381T T383S G392R,0.34,0.3,0.32,0.54,0.31,2.02e-05,2.76e-06,2.09e-06,3.11e-06,1.29e-06
10.1196,7.0,L59Q E60P H78K K78S L302T P303R Y380D R381T T383S G392R,0.32,0.32,0.31,0.39,0.39,6.56e-06,8.3e-06,8.05e-06,1.2e-05,5.78e-06
10.1197,7.0,L59Q E60P H78K T383S,0.41,0.35,0.33,0.73,0.28,4.2700000000000015e-05,7.56e-06,1.02e-05,0.00792,5.78e-06
10.1198,5.0,L59Q E60P H78K V105R L302T P303R R381T T383S,0.33,0.32,0.24,0.2,0.25,0.00091,0.000131,0.000126,0.00014099999999999998,0.000122
10.1199,8.0,L59Q E60P H78K V105R L302T P303R R381T T383S G392R,0.38,0.23,0.19,0.18,0.2,9.38e-05,1.37e-06,1.33e-06,1.51e-06,1.29e-06
10.1200,6.0,L59Q E60P H78K P303R R303S R381T T383S G392R,0.3,0.19,0.19,0.48,0.19,0.000267,4.51e-05,0.000116,0.00449,2.63e-05
10.1201,8.0,L59Q E60P H78K R303A P303R R381T T383S G392R,0.27,0.19,0.2,0.51,0.2,1.21e-05,1.56e-06,1.71e-06,8.21e-06,1.29e-06
10.1202,8.0,L59Q E60P H78K P303R R303Y R381T T383S G392R,0.23,0.16,0.17,0.54,0.32,6.21e-06,2.37e-06,2.03e-06,0.00288,1.29e-06
10.1203,7.0,L59Q E60P M378G K379S,0.5,0.53,0.82,1.97,0.52,0.00512,4.2100000000000014e-05,0.0754,2.27e-05,5.87e-06
10.1206,6.0,L59Q E60P A317E M378G K379S D382W T383S,0.26,0.2,0.28,0.23,0.08,3.73e-05,2.63e-05,2.99e-05,3.09e-05,2.63e-05
10.1207,7.0,L59Q E60P A317E K379S D382W,0.28,0.19,0.23,0.26,0.09,6.88e-06,5.87e-06,6.36e-06,8.05e-06,5.78e-06
10.1208,7.0,L59Q E60P H78K M378G R381T D382W T383S,0.11,0.09,0.16,0.55,0.41,6.06e-06,5.78e-06,5.78e-06,1.36e-05,5.78e-06
10.1209,8.0,L59Q E60P H78K M378G R381T T383S,0.41,0.37,0.4,1.08,0.42,0.000253,0.000124,0.000244,0.463,1.31e-06
10.1210,7.0,L59Q E60P H78K M378G K379S D382W T383S,0.45,0.32,0.36,1.09,0.59,7.44e-05,7.21e-06,4.2100000000000014e-05,0.141,9.85e-06
10.1211,7.0,L59Q E60P H78K M378G K379S,0.53,0.56,0.65,1.93,0.61,0.00481,0.00147,0.0146,7.44e-06,6.56e-06
10.1212,8.0,L59Q E60P H78K A317E K379S D382W,0.16,0.16,0.18,0.21,0.09,1.56e-06,1.42e-06,1.48e-06,1.66e-06,1.29e-06
10.1213,7.0,L59Q E60P K379S D382W T383S,0.45,0.33,0.26,0.93,0.5,0.000598,3.34e-05,0.000181,0.333,5.97e-06
10.1214,8.0,L59Q E60P D382W,0.11,0.08,0.09,0.23,0.15,1.6800000000000002e-05,1.29e-06,1.31e-06,1.79e-06,1.29e-06
10.1215,8.0,L59Q E60P M378G,0.45,0.34,0.35,1.05,0.47,2.67e-05,1.51e-06,2e-06,0.917,1.29e-06
10.1217,8.0,L59Q E60P A317E M378G,0.59,0.33,0.27,0.23,0.09,0.0064,2.67e-05,3.57e-06,1.94e-06,1.29e-06
10.1218,7.0,L59Q E60P H78K M378G,0.65,0.43,0.46,1.29,0.4,0.00197,1.26e-05,2.52e-05,0.0748,5.78e-06
10.1220,6.0,L59Q E60P H78K M378G K379S T383S,1.02,0.73,0.86,2.03,0.45,0.79,0.0693,0.325,3.04e-05,2.63e-05
10.1221,7.0,L59Q E60P H78K M378G D382W T383S,0.39,0.18,0.19,0.88,0.37,8.7e-06,7.32e-06,7.44e-06,0.243,6.26e-06
10.1222,7.0,L59Q E60P H78K K379S D382W T383S,0.41,0.31,0.18,0.84,0.46,5.6100000000000015e-05,6.46e-06,6.36e-06,0.5579999999999999,5.87e-06
10.1223,7.0,L59Q E60P H78K M378G T383S,0.74,0.49,0.43,0.95,0.33,0.0107,5.94e-05,3.34e-05,0.375,5.78e-06
10.1224,4.0,L59Q E60P H78K K379S T383S,0.46,0.29,0.27,0.58,0.42,0.00809,0.00107,0.00505,0.105,0.000582
10.1227,8.0,L59Q E60P H78K A317E M378G K379S T383S,0.74,0.64,0.61,0.7,0.11,0.0109,0.000495,0.000216,0.0032600000000000003,1.29e-06
10.1228,7.0,L59Q E60P H78K A317E M378G D382W T383S,0.21,0.17,0.21,0.25,0.06,6.99e-06,5.87e-06,6.16e-06,7.21e-06,5.78e-06
10.1229,8.0,L59Q E60P A317E T383S,0.51,0.32,0.23,0.24,0.16,0.00599,2.16e-06,1.61e-06,1.61e-06,1.29e-06
10.1230,7.0,L59Q E60P H78K A317E,0.78,0.43,0.43,0.39,0.11,0.0242,0.000773,5.45e-05,0.0008939999999999998,5.78e-06
10.1231,8.0,L59Q E60P H78K R381T D382W T383S G392R,-0.04,-0.03,0.01,0.26,0.03,1.29e-06,1.29e-06,1.29e-06,1.74e-06,5.78e-06
10.1232,5.0,L59Q E60P H78K R381T T383S,0.56,0.4,0.38,1.15,0.23,0.00105,0.000324,0.00021,0.94,0.000122
10.1233,8.0,L59Q E60P H78K R303M P303R R381T T383S G392R,0.32,0.23,0.31,0.75,0.26,1.32e-05,1.35e-06,1.68e-06,0.00863,1.29e-06
10.1234,5.0,L59Q E60P H78K A317E R381T T383S G392R,0.46,0.35,0.25,0.26,0.13,0.00105,0.000183,0.000146,0.000148,0.000122
10.1235,8.0,L59Q E60P H78K A317F R381T T383S G392R,0.56,0.28,0.27,0.26,0.14,7.329999999999999e-05,2.4e-06,1.51e-06,1.63e-06,1.29e-06
10.1236,7.0,L59Q E60P H78K A317E R381T T383S G392R,0.64,0.45,0.34,0.25,0.15,0.0199,1.32e-05,8.7e-06,7.32e-06,5.78e-06
10.1239,8.0,L59Q E60P A317E K379S D382W T383S,0.41,0.36,0.38,0.36,0.09,0.000351,2.39e-05,1.88e-05,2.06e-06,1.29e-06
10.1240,8.0,L59Q E60P A317E M378G D382W T383S,0.14,0.14,0.21,0.21,0.07,1.35e-06,1.31e-06,1.33e-06,1.63e-06,1.29e-06
10.1241,8.0,L59Q E60P H78K A317E K379S,0.41,0.49,0.49,0.67,0.13,7.23e-05,1.42e-05,2.49e-05,0.000323,1.29e-06
10.1242,6.0,L59Q E60P H78K A317C R381T T383S G392R,0.36,0.35,0.37,0.86,0.23,4.95e-05,3.510000000000001e-05,5.770000000000001e-05,0.124,2.63e-05
10.1243,7.0,L59Q E60P A317E K379S D382W T383S,0.34,0.22,0.25,0.3,0.1,3.01e-05,8.98e-06,6.99e-06,7.56e-06,5.78e-06
10.1244,8.0,L59Q E60P H78K K78A L302T P303R Y380D R381T T383S G392R,0.61,0.48,0.37,0.38,0.35,0.00117,2.71e-05,3.21e-06,2.06e-06,1.29e-06
10.1245,8.0,L59Q E60P H78K K78T L302T P303R Y380D R381T T383S G392R,0.2,0.19,0.19,0.16,0.25,3.62e-06,1.63e-06,1.44e-06,1.42e-06,1.29e-06
10.1246,8.0,L59Q E60P H78K K78V L302T P303R Y380D R381T T383S G392R,0.32,0.25,0.21,0.22,0.32,1.52e-05,2.09e-06,1.68e-06,1.66e-06,1.29e-06
10.1247,8.0,L59Q E60P H78K K78D L302T P303R Y380D R381T T383S G392R,0.22,0.19,0.22,0.25,0.23,2.29e-06,1.33e-06,1.31e-06,1.66e-06,1.29e-06
10.1248,8.0,L59Q E60P H78K K78W L302T P303R Y380D R381T T383S G392R,0.27,0.23,0.2,0.3,0.35,2.29e-06,1.31e-06,1.31e-06,1.68e-06,1.29e-06
10.1251,8.0,L59Q E60P H78K A317E T383S,0.5,0.36,0.26,0.2,0.14,1.55e-05,1.63e-06,1.48e-06,1.58e-06,1.29e-06
10.1252,8.0,L59Q E60P H78K P303R R303R R381T T383S G392R,0.21,0.12,0.11,0.16,0.15,4.61e-06,1.29e-06,1.29e-06,1.44e-06,1.29e-06
10.1253,8.0,L59Q E60P A317E M378G D382W,0.32,0.2,0.22,0.2,0.07,9.49e-06,1.66e-06,5.85e-06,1.51e-06,1.29e-06
10.1255,8.0,L59Q E60P H78K V105S L302T P303R Y380D R381T T383S G392R,0.49,0.29,0.24,0.28,0.21,0.000938,1.05e-05,2.72e-06,1.61e-06,1.29e-06
10.1256,6.0,L59Q E60P H78K V105E L302T P303R Y380D R381T T383S G392R,0.16,0.22,0.14,0.15,0.22,6.63e-05,3.45e-05,3.510000000000001e-05,2.85e-05,2.63e-05
10.1257,6.0,L59Q E60P H78K A317E D382W,0.01,-0.01,0.03,0.08,0.02,3.68e-05,2.63e-05,2.63e-05,2.63e-05,0.000122
10.1258,7.0,L59Q E60P H78K A317E K379S,0.59,0.4,0.5,0.51,0.11,0.000528,1.51e-05,8.1e-05,0.000478,5.78e-06
10.1259,8.0,L59Q E60P H78K A317H R381T T383S G392R,0.28,0.22,0.18,0.12,0.21,0.000263,4.47e-06,1.39e-06,1.31e-06,1.29e-06
10.1260,7.0,L59Q E60P H78K L302T P303R R381T T383S G392R N399P,0.08,0.14,0.11,0.11,0.07,5.97e-06,5.78e-06,5.78e-06,6.06e-06,5.78e-06
10.1262,6.0,M373K,0.95,0.8,0.52,0.57,0.25,0.537,0.125,0.000938,5.600000000000001e-05,2.63e-05
10.1263,8.0,M373W,1.88,1.47,1.34,0.79,0.45,0.00192,0.0232,0.198,0.000311,1.37e-06
10.1264,5.0,M373D,0.35,0.32,0.24,0.45,0.27,0.371,0.189,0.0261,0.000466,0.000122
10.1265,8.0,M373Y,1.36,1.16,1.19,0.91,0.27,0.0665,0.19,0.51,0.246,1.29e-06
10.1266,8.0,M373E,1.18,0.76,0.71,0.85,0.58,0.789,0.365,0.09699999999999999,0.201,1.31e-06
10.1268,4.0,M373G,0.71,0.56,0.28,0.33,0.53,0.195,0.0224,0.00176,0.00112,0.000602
10.1270,6.0,M373I,0.49,0.23,0.19,0.36,0.29,0.00014,2.72e-05,2.7600000000000007e-05,8.71e-05,2.63e-05
10.1273,8.0,M374R,0.33,0.26,0.3,0.2,0.11,5.68e-06,1.37e-06,1.56e-06,1.56e-06,1.29e-06
10.1274,6.0,M374H,0.65,0.79,0.81,0.53,0.26,0.00183,0.0313,0.042,5.02e-05,2.63e-05
10.1275,6.0,M374S,0.93,0.87,0.67,0.6,0.5,0.721,0.561,0.0511,0.000198,2.68e-05
10.1276,8.0,M374T,0.8,0.63,0.6,0.77,0.42,0.287,0.0133,0.00343,0.000784,1.29e-06
10.1277,7.0,M374C,1.34,0.97,0.82,0.78,0.43,0.0594,0.893,0.231,0.0104,5.78e-06
10.1278,8.0,M374L,0.77,0.5,0.48,0.79,0.86,0.0359,9.76e-05,1.6100000000000002e-05,0.00439,0.0183
10.1279,8.0,M374W,0.7,0.6,0.56,0.46,0.27,0.14400000000000002,0.0248,0.00634,3.46e-06,1.29e-06
10.1280,7.0,M374D,0.21,0.09,0.07,0.12,0.1,6.99e-06,5.97e-06,5.78e-06,5.87e-06,5.78e-06
10.1281,7.0,M374Y,0.39,0.42,0.39,0.5,0.24,1.2e-05,8.05e-06,1.06e-05,1.03e-05,5.78e-06
10.1282,8.0,M374F,0.8,0.67,0.67,0.63,0.29,0.0549,0.00198,0.00126,1.5e-05,1.29e-06
10.1284,8.0,T412E,1.46,1.1,0.96,1.08,0.87,0.188,0.528,0.633,0.212,0.0149
10.1285,7.0,T412N,2.07,1.48,1.12,1.39,0.93,0.00471,0.064,0.455,0.000591,0.459
10.1286,8.0,T412F,1.55,1.37,0.87,1.16,0.92,0.0106,0.103,0.879,0.0493,0.241
10.1287,7.0,T412R,0.78,0.71,0.72,1.09,0.83,0.183,0.03,0.0316,0.7709999999999999,0.11
10.1289,5.0,T412A,1.41,1.2,1.2,0.85,0.88,0.221,0.374,0.268,0.237,0.0392
10.1290,6.0,T412K,0.64,0.62,0.66,0.79,0.82,0.0253,0.0169,0.0322,0.0331,0.000695
10.1291,7.0,T412V,0.94,0.89,0.96,1.02,0.89,0.476,0.5379999999999999,0.815,0.6779999999999999,0.0114
10.1292,8.0,T412C,1.29,1.47,1.19,0.98,0.97,0.228,0.292,0.18,0.887,0.456
10.1293,6.0,M373A,0.87,0.82,0.78,0.8,0.48,0.226,0.122,0.0398,0.0589,2.68e-05
10.1294,5.0,M373L,0.5,0.47,0.4,0.68,0.36,0.00129,0.00025,0.000238,0.0005480000000000001,0.000122
10.1295,6.0,M373N,1.46,0.98,1.01,0.52,0.27,0.402,0.993,0.838,5.02e-05,2.63e-05
10.1296,7.0,M373P,0.38,0.17,0.2,0.26,0.19,0.000131,7.32e-06,6.06e-06,7.1e-06,5.78e-06
10.1298,7.0,M373R,0.79,0.66,0.56,0.49,0.21,0.0497,0.0133,0.00402,1.36e-05,5.78e-06
10.1300,8.0,M374A,0.66,0.58,0.63,0.61,0.3,0.0137,0.00599,0.000839,0.000676,1.29e-06
10.1301,7.0,M374N,0.61,0.63,0.62,0.53,0.36,0.0921,0.104,0.0329,6.840000000000001e-05,5.78e-06
10.1302,8.0,M374V,0.64,0.53,0.61,0.84,0.6,0.00628,0.00192,0.00386,0.00658,1.66e-06
10.1303,7.0,T412D,1.21,1.2,1.03,0.7,0.77,0.12,0.364,0.92,0.000101,0.0006519999999999999
10.1304,6.0,T412H,1.35,1.14,1.17,0.86,1.0,0.102,0.247,0.5539999999999999,0.0114,0.593
10.1305,8.0,T412L,0.64,0.84,0.86,0.88,0.79,0.013999999999999999,0.0522,0.321,0.0254,0.000456
10.1306,8.0,T412M,0.74,0.83,1.01,0.93,0.84,0.106,0.205,0.879,0.194,0.00555
10.1371,7.0,T302A,1.01,1.0,0.52,0.66,1.1,0.8490000000000001,0.778,0.136,0.00486,0.096
10.1372,8.0,T302C,2.15,1.67,1.21,0.91,1.06,0.001,0.0104,0.0534,0.596,0.149
10.1373,15.0,T302D,1.32,0.99,0.85,0.96,0.87,0.0293,0.46,0.8759999999999999,0.207,0.000383
10.1374,8.0,T302F,0.42,0.38,0.41,0.67,0.72,0.000201,0.00025,3.91e-05,0.00184,4.89e-06
10.1375,7.0,T302G,0.69,0.67,0.68,0.4,1.1,0.0346,0.0181,0.00964,9.12e-06,0.0404
10.1377,7.0,T302K,0.31,0.33,0.36,0.25,0.52,0.0146,0.0101,0.000949,7.44e-06,6.16e-06
10.1379,15.0,T302M,0.22,0.19,0.2,0.42,0.76,6.620000000000001e-09,1.24e-10,1.02e-10,2.1e-08,6.990000000000002e-09
10.1380,14.0,T302N,1.01,0.97,0.88,0.78,0.79,0.395,0.754,0.631,0.123,3.74e-05
10.1381,7.0,T302P,4.37,3.32,1.77,1.04,1.23,5.53e-05,0.000161,0.007090000000000002,0.654,0.000883
10.1382,7.0,T302Q,1.89,1.83,1.27,1.03,1.22,0.00152,0.0191,0.187,0.48,0.00389
10.1383,16.0,T302S,0.91,0.97,0.85,0.56,1.38,0.888,0.994,0.14400000000000002,9.46e-05,1.3300000000000002e-09
10.1384,15.0,T302V,1.21,1.16,1.0,0.66,0.93,0.011000000000000001,0.0101,0.6459999999999999,0.000135,0.261
10.1385,14.0,T302W,0.17,0.2,0.25,0.56,0.44,1.55e-08,1.85e-08,2.94e-09,4.58e-06,2.05e-10
10.1386,10.0,T302Y,1.35,1.36,0.97,0.75,1.52,0.0274,0.113,0.44,0.111,8.34e-06
10.1388,7.0,Q305C,0.12,0.16,0.26,1.09,0.93,2.27e-05,7.44e-06,1.19e-05,0.317,0.0385
10.1389,6.0,Q305D,1.3,1.19,1.3,1.1,1.7,0.0699,0.0968,0.0183,0.173,3.510000000000001e-05
10.1390,8.0,Q305E,1.33,1.43,1.38,0.91,1.53,0.165,0.0271,0.142,0.23,2.12e-06
10.1391,8.0,Q305F,0.28,0.22,0.37,1.04,0.89,1.97e-06,1.58e-06,2.76e-06,0.976,0.0661
10.1392,7.0,Q305H,0.57,0.53,0.61,0.75,1.04,0.000496,0.0016300000000000002,0.000455,0.00128,0.54
10.1394,8.0,Q305K,-0.04,0.05,0.11,0.14,0.48,1.29e-06,1.29e-06,1.29e-06,1.35e-06,1.37e-06
10.1397,8.0,T302T Q305N,1.49,1.02,0.66,1.17,0.9,0.313,0.912,0.271,0.732,0.0286
10.1398,7.0,Q305P,0.2,0.2,0.25,0.76,0.74,5.97e-06,5.78e-06,6.56e-06,0.0385,0.0007019999999999999
10.1399,7.0,Q305R,0.86,0.96,0.64,0.78,0.66,0.476,0.197,0.00983,0.0033200000000000005,9.699999999999999e-06
10.1402,8.0,Q305W,0.41,0.32,0.35,0.71,0.71,2.32e-05,2.22e-06,2.03e-06,0.000646,9.63e-06
10.1403,6.0,Q305Y,0.4,0.32,0.28,0.66,0.76,0.00019,3.510000000000001e-05,3.73e-05,0.0121,0.000295
10.1404,7.0,N61A,0.59,0.7,0.58,0.42,0.12,0.015,0.00247,8.44e-05,8.05e-06,5.78e-06
10.1405,8.0,N61C,0.2,0.21,0.22,0.42,0.14,0.000386,0.000391,6.03e-06,6.49e-06,1.29e-06
10.1406,8.0,N61D,0.48,0.3,0.25,0.17,0.09,0.000118,2.12e-06,1.56e-06,1.46e-06,1.29e-06
10.1407,6.0,N61E,0.68,0.45,0.42,0.33,0.26,0.00209,0.000491,9.67e-05,3.34e-05,2.63e-05
10.1409,7.0,N61G,0.15,0.16,0.18,0.25,0.12,1.6100000000000002e-05,6.06e-06,6.56e-06,7.21e-06,5.78e-06
10.1410,7.0,N61H,1.33,1.56,1.08,1.08,0.48,0.1,0.69,0.968,0.613,5.87e-06
10.1413,8.0,N61L,0.09,0.05,0.07,0.15,0.11,1.29e-06,1.29e-06,1.29e-06,1.42e-06,1.29e-06
10.1414,7.0,N61M,0.12,0.14,0.24,0.66,0.33,7.92e-06,6.16e-06,7.56e-06,0.00476,5.78e-06
10.1415,5.0,N61P,0.19,0.09,0.06,0.09,0.09,0.000131,0.000122,0.000122,0.000124,0.000122
10.1417,7.0,N61R,0.08,0.09,0.12,0.18,0.09,5.78e-06,5.78e-06,5.97e-06,6.77e-06,5.78e-06
10.1420,8.0,N61V,0.13,0.04,0.09,0.14,0.07,1.31e-06,1.29e-06,1.29e-06,1.39e-06,1.29e-06
10.1423,8.0,Q59M E60P,0.33,0.34,0.38,0.77,0.32,3.97e-06,1.85e-06,2.33e-06,0.011000000000000001,1.29e-06
10.1424,8.0,L59N E60P,-0.03,0.01,0.09,0.29,0.11,1.29e-06,1.29e-06,1.29e-06,1.71e-06,1.29e-06
10.1425,8.0,S58C,0.49,0.65,0.78,0.73,0.55,0.000133,0.000959,0.013000000000000001,0.000732,1.31e-06
10.1426,8.0,S58F,0.31,0.29,0.28,0.37,0.19,9.49e-06,1.66e-06,2.16e-06,2.26e-06,1.29e-06
10.1427,8.0,L59H E60P,0.55,0.44,0.49,0.8,0.36,2.71e-05,5.12e-06,9.49e-06,0.003820000000000001,1.29e-06
10.1428,7.0,L59C E60P,0.52,0.38,0.4,0.93,0.28,7.04e-05,1.15e-05,2.45e-05,0.433,5.78e-06
10.1429,8.0,L59G,0.4,0.7,0.76,0.55,0.31,0.000193,0.0153,0.12,1.15e-05,1.29e-06
10.1430,8.0,L59H,1.24,1.51,1.44,0.82,1.19,0.36,0.0661,0.14400000000000002,0.0282,0.00178
10.1431,8.0,L59I,0.37,0.46,0.61,0.9,0.27,0.000152,4.42e-05,0.00097,0.349,1.29e-06
10.1455,31.0,K45Q A52V T302P M374Y,0.95,0.88,0.73,0.47,0.39,0.768,0.512,0.00303,2.16e-06,1.29e-06
10.1456,43.0,K45Q A52V T302P A390Y,2.47,1.62,1.02,0.58,1.64,0.366,0.581,0.428,2.34e-05,0.000236
10.1457,17.0,K45Q A52V T302Q A390Y,0.9,0.76,0.65,0.55,1.27,0.114,0.3,0.15,1.98e-06,0.00672
10.1458,32.0,K45Q A52V M374Y A390Y,1.16,0.94,0.72,0.6,1.28,0.212,0.223,0.594,5.71e-06,0.00415
10.1459,20.0,K45Q A52V T302P M374Y A390Y,1.51,1.33,0.87,0.46,1.68,0.358,0.173,0.488,1.49e-06,1.53e-06
10.1460,33.0,K45Q A52V H78K L302T P303R Y380D R381T T383S G392R,0.22,0.24,0.27,0.35,0.19,1.1e-05,1.22e-06,3.1e-07,3.98e-07,5.26e-06
10.1461,54.0,A52V T302P A390Y,1.97,1.49,0.89,0.39,2.54,0.0687,0.194,0.0451,4.57e-10,2.05e-10
10.1462,52.0,A52V T302Q A390Y,2.33,1.68,0.96,0.46,2.42,0.0617,0.447,0.634,1.7300000000000004e-09,9.26e-10
10.1463,40.0,A52V M374Y A390Y,2.3,1.63,1.09,0.66,1.88,8.93e-11,4.77e-08,0.0277,2.68e-19,1.12e-09
10.1464,38.0,A52V T302P M374Y A390Y,2.24,1.5,0.86,0.33,2.98,2.07e-10,4.77e-07,0.0027,2.38e-21,3.44e-10
10.1465,51.0,A52V T302Q M374Y A390Y,1.91,1.45,0.87,0.35,2.65,9.68e-05,0.007809999999999998,0.965,1.7300000000000004e-09,8.7e-09
10.1466,47.0,A52V,1.5,1.25,1.17,0.88,0.6,0.0128,0.17800000000000002,0.445,0.109,3.01e-07
10.1467,8.0,A52V T302P A317L M374Y,0.65,0.65,0.57,0.34,0.33,0.0423,0.0245,0.000537,1.49e-06,1.49e-06
10.1468,54.0,A52V T302Q A317L M374Y,3.17,2.33,1.37,0.59,0.95,4.46e-07,5.03e-06,0.0372,3.63e-10,0.371
10.1469,36.0,A52V T302P A317L A390Y,2.98,1.45,0.56,0.15,2.6,0.00947,0.342,8.74e-06,9.41e-10,0.0019
10.1470,40.0,A52V T302Q A317L A390Y,2.89,1.8,0.78,0.18,2.6,3.92e-08,2.31e-05,0.111,1.51e-11,1.26e-11
10.1471,38.0,A52V E191D T302P A317L M374Y A390Y,2.62,1.75,0.69,0.2,3.08,5.71e-07,0.00111,0.00275,7.01e-11,2.05e-10
10.1472,55.0,A52V T302Q A317L M374Y A390Y,4.07,2.44,0.92,0.28,2.73,8e-09,9.23e-06,0.314,7.67e-11,2.24e-10
10.1473,49.0,A52V A317L,5.12,3.65,1.84,0.67,1.03,3.02e-07,1.39e-06,0.000503,1.17e-06,3.48e-05
10.1474,33.0,A52V L59Q E60P M378G K379S D382W T383S T412N,1.47,1.04,0.76,1.12,0.49,0.0413,0.865,0.00273,0.7829999999999999,6.68e-08
10.1475,33.0,A52V L59Q E60P H78K M378G K379S T383S T412N,2.47,1.67,1.37,1.25,0.41,5.8e-09,9.86e-06,0.0152,0.000474,7.5e-08
10.1476,31.0,A52V H78K M378G K379S T383S T412N,1.73,1.45,0.97,0.56,0.34,0.813,0.983,0.971,4.5e-08,0.00292
10.1477,33.0,A52V L59Q E60P M378G K379S D382W T383S,1.66,1.08,1.04,1.2,0.49,0.0488,0.00813,0.254,0.601,0.104
10.1478,31.0,A52V L59Q E60P H78K M378G K379S T383S,1.51,1.09,0.98,1.31,0.38,0.442,0.194,0.442,0.0397,1.29e-06
10.1479,17.0,A52V H78K M378G K379S T383S,0.97,0.84,0.75,0.76,0.52,0.6509999999999999,0.696,0.518,0.8959999999999999,0.000344
10.1480,34.0,A52V H78K L302T P303R Y380D R381T T383S G392R,0.88,0.74,0.51,0.38,1.02,0.85,0.322,0.000127,2.14e-08,6.06e-07
10.1481,27.0,A52V L59Q E60P H78K L302T P303R Y380D R381T T383S G392R,0.8,0.78,0.72,0.63,0.27,0.325,0.197,0.00058,2.7300000000000006e-05,2.92e-07
10.1482,48.0,A52V H78K T302Q A317L M374Y,3.56,2.48,1.3,0.54,1.03,4.31e-06,1.21e-05,0.0102,2.96e-07,0.0316
10.1483,32.0,A52V H78K T302P A317L A390Y,1.86,1.12,0.47,0.13,2.81,0.000293,0.583,2.29e-05,1.6e-08,9.07e-06
10.1484,23.0,A52V H78K T302Q A317L A390Y,2.76,1.98,0.78,0.24,2.86,1.83e-06,0.000663,0.000732,0.0007099999999999999,0.0157
10.1485,23.0,A52V H78K T302P A317L M374Y A390Y,2.91,1.6,0.7,0.25,2.88,1.6100000000000002e-08,0.000132,0.000531,2.04e-15,2.18e-15
10.1486,37.0,K45Q T302P M374Y,1.03,0.97,0.61,0.41,0.24,0.787,0.7390000000000001,2.27e-08,1.6e-09,0.0069900000000000006
10.1487,34.0,K45Q T302Q M374Y,1.74,1.18,0.78,0.43,0.66,0.000566,0.0016699999999999998,0.0836,2.61e-08,0.542
10.1488,32.0,K45Q T302P A390Y,1.72,1.19,0.82,0.42,2.69,0.467,0.963,0.149,1.31e-07,1.31e-06
10.1489,35.0,K45Q T302Q A390Y,2.13,1.55,0.96,0.46,2.57,0.0558,0.00692,0.599,8.25e-09,3.63e-09
10.1490,15.0,K45Q M374Y A390Y,1.01,0.8,0.54,0.32,1.0,0.0298,0.287,6.47e-05,9.699999999999999e-06,1.0
10.1491,16.0,K45Q T302P M374Y A390Y,1.08,0.93,0.65,0.34,2.16,0.21,0.344,0.0694,0.000112,0.452
10.1492,31.0,K45Q T302Q M374Y A390Y,0.88,0.99,0.91,0.63,0.91,0.927,0.865,0.508,0.00026000000000000003,0.000175
10.1493,35.0,K45Q T302P A317L M374Y,1.6,1.37,1.05,0.55,0.35,0.0533,0.00334,0.637,1.55e-07,0.0063
10.1494,32.0,K45Q T302Q A317L M374Y,1.59,1.42,1.1,0.54,0.3,0.138,0.00717,0.208,2.48e-06,0.0038
10.1495,23.0,K45Q T302P A317L A390Y,2.6,1.59,0.9,0.39,1.93,1.05e-08,2.95e-06,0.254,2.18e-12,2.93e-10
10.1496,24.0,K45Q T302Q A317L A390Y,4.61,2.51,1.11,0.38,2.5,6.29e-12,8.409999999999999e-11,0.532,5.73e-16,5.73e-16
10.1497,36.0,K45Q A317L M374Y A390Y,2.57,2.47,1.65,0.72,0.85,0.00113,0.0013800000000000002,0.271,2.78e-06,8.759999999999999e-05
10.1498,37.0,K45Q T302Q A317L M374Y A390Y,2.73,2.11,1.28,0.52,1.24,1.1e-06,5.13e-06,0.0854,2.51e-09,0.0455
10.1499,38.0,K45Q A317L,3.51,2.99,2.05,0.82,0.55,3.460000000000001e-09,4.89e-09,3.8e-05,0.305,8.149999999999999e-11
10.1500,35.0,K45Q L59Q E60P M378G K379S D382W T383S T412N,1.16,0.94,0.79,1.17,0.29,0.563,0.467,0.584,0.906,0.0019
10.1501,36.0,K45Q L59Q E60P H78K M378G K379S T383S T412N,1.08,0.9,1.0,1.19,0.35,0.872,0.309,0.245,0.00865,0.0068200000000000005
10.1502,38.0,K45Q M378G K379S D382W T383S T412N,1.41,1.13,0.9,0.5,0.48,0.0583,0.27,0.451,1.28e-10,0.000113
10.1503,34.0,K45Q H78K M378G K379S T383S T412N,0.98,0.83,0.76,0.57,0.34,0.8140000000000001,0.446,0.0321,3.2e-07,0.00218
10.1504,25.0,K45Q L59Q E60P M378G K379S D382W T383S,0.92,0.85,0.96,1.07,0.31,0.748,0.159,0.342,0.127,0.0849
10.1505,23.0,K45Q L59Q E60P H78K M378G K379S T383S,0.81,0.85,1.0,1.21,0.33,0.0332,0.0367,0.26,0.077,2.04e-15
10.1506,22.0,K45Q M378G K379S D382W T383S,0.83,0.8,0.72,0.56,0.29,0.392,0.0291,0.00033,2.54e-12,7.36e-15
10.1507,38.0,K45Q H78K M378G K379S T383S,0.95,0.99,0.86,0.6,0.27,0.231,0.29,0.7240000000000001,1.96e-08,2.05e-10
10.1508,37.0,K45Q H78K L302T P303R Y380D R381T T383S G392R,0.36,0.45,0.41,0.4,0.18,0.0013,0.000113,6.64e-09,1.6e-09,8.58e-10
10.1509,37.0,K45Q L59Q E60P H78K L302T P303R Y380D R381T T383S G392R,0.95,0.76,0.63,0.57,0.17,0.857,0.133,4.99e-07,1.32e-08,2.05e-10
10.1510,23.0,L59Q E60P T302Q A317L A390Y,4.54,3.35,1.57,0.45,1.23,0.0135,0.0298,0.6679999999999999,1.98e-06,1.49e-06
10.1511,36.0,L59Q E60P A317L M374Y A390Y,1.31,1.28,1.24,1.07,0.38,0.7440000000000001,0.412,0.181,0.0283,2.05e-10
10.1512,28.0,L59Q E60P T302Q A317L M374Y A390Y,3.04,2.75,1.87,0.82,0.99,7.49e-06,1.0800000000000003e-05,0.00192,0.00253,0.443
10.1513,27.0,L59Q E60P H78K M378G K379S T383S T412N,2.7,2.07,1.51,1.04,0.72,0.017,0.244,0.191,0.16,0.919
10.1514,31.0,M378G K379S D382W T383S T412N,1.71,1.55,0.92,0.51,0.52,0.013000000000000001,0.838,0.534,7.5e-08,5.02e-11
10.1515,31.0,L59Q E60P A317L M378G K379S D382W T383S T412N,2.37,1.71,1.22,0.73,0.61,0.00389,0.0145,0.8340000000000001,2.78e-05,1.89e-06
10.1516,31.0,A317L M378G K379S D382W T383S T412N,4.11,2.23,0.95,0.28,0.67,1.23e-07,0.000188,0.134,7.790000000000001e-11,1.62e-08
10.1517,15.0,H78K A317L M378G K379S T383S T412N,2.8,1.22,0.68,0.46,0.55,2.52e-05,0.129,1.75e-05,7.779999999999999e-11,0.6659999999999999
10.1518,21.0,L59Q E60P A317L M378G K379S D382W T383S,4.43,2.82,1.2,0.36,1.76,0.000255,0.000831,0.929,6.5000000000000004e-06,0.403
10.1519,39.0,L59Q E60P H78K A317L M378G K379S T383S,3.76,2.55,1.27,0.72,0.63,8.009999999999998e-07,8.2e-05,0.389,0.0821,0.83
10.1520,30.0,H78K A317L M378G K379S T383S,2.4,1.96,1.2,0.52,0.37,0.000206,0.00292,0.7879999999999999,8.17e-10,2.05e-10
10.1521,27.0,L59Q E60P H78K T302P M378G K379S T383S,1.59,1.57,1.38,0.94,0.74,0.511,0.762,0.81,0.858,7.3e-05
10.1522,27.0,L59Q E60P T302Q M378G K379S D382W T383S,1.58,1.43,1.11,0.72,1.05,0.629,0.875,0.475,0.35600000000000004,0.8390000000000001
10.1523,27.0,L59Q E60P H78K T302Q M378G K379S T383S,1.55,1.36,1.08,0.76,0.43,0.0509,0.583,0.0895,3.88e-05,1.55e-08
10.1524,31.0,L59Q E60P M378G K379S D382W T383S A390Y,1.02,0.85,0.79,0.78,0.44,0.14800000000000002,0.7929999999999999,0.0209,0.975,0.7929999999999999
10.1525,29.0,L59Q E60P T302P M374Y,0.95,0.69,0.52,0.52,0.4,0.67,0.211,1.5399999999999998e-05,1.6899999999999994e-05,2.66e-07
10.1526,15.0,H78K T302P A317L M374Y A390Y,2.83,1.62,1.06,0.5,2.0,1.62e-05,0.00312,0.502,0.417,0.6659999999999999
10.1527,41.0,H78K T302Q A317L M374Y A390Y,2.73,2.1,1.12,0.5,1.94,2.3800000000000006e-05,0.00117,0.561,3.08e-08,2.99e-08
10.1528,34.0,L59Q E60P H78K T302Q A317L M374Y,1.32,1.13,0.64,0.28,1.31,0.8490000000000001,0.804,0.00124,1.54e-09,0.6659999999999999
10.1529,52.0,L59Q E60P H78K T302Q A317L A390Y,2.93,2.15,1.18,0.5,1.38,3.8e-10,7.019999999999999e-08,0.345,2.62e-14,4.23e-05
10.1530,37.0,L59Q E60P H78K A317L M374Y A390Y,1.45,1.19,0.92,0.9,0.5,0.494,0.8240000000000001,0.31,0.306,0.189
10.1531,40.0,K45Q A52V T302Q M374Y,1.51,1.23,0.92,0.52,0.35,0.00198,0.162,0.284,2.44e-08,0.0112
10.1532,43.0,K45Q A52V T302Q M374Y A390Y,1.45,1.2,0.78,0.43,1.2,0.0076,0.302,0.00141,3.73e-13,0.31
10.1533,44.0,K45Q A52V,1.0,0.81,0.69,0.65,0.34,0.508,0.0394,6.92e-06,0.13,8.58e-10
10.1534,22.0,K45Q A52V L59Q E60P H78K L302T P303R Y380D R381T T383S G392R,1.26,1.27,1.09,0.84,0.92,0.7190000000000001,0.526,0.08,0.284,0.215
10.1535,15.0,L59Q E60P M374Y M378G K379S D382W T383S,2.56,1.99,1.41,0.53,1.52,0.0019,0.0030800000000000003,0.166,9.55e-06,2.92e-05
10.1536,14.0,L59Q E60P M374Y A390Y,2.82,2.35,1.6,0.62,1.39,0.00383,0.0163,0.0352,6.94e-05,0.000153
10.1537,58.0,L59Q E60P H78K A317L M378G K379S T383S T412N,2.89,2.22,1.6,0.86,0.25,3.19e-08,4.02e-07,0.000208,0.0377,0.000276
10.1538,36.0,L59Q E60P H78K M374Y M378G K379S T383S,0.74,0.78,0.79,1.04,0.4,0.102,0.0685,0.00898,0.0522,0.00292
10.1539,40.0,L59Q E60P H78K M378G K379S T383S A390Y,0.46,0.54,0.71,1.75,0.81,0.00746,7.340000000000001e-05,0.00197,0.591,6.94e-06
10.1540,60.0,L59Q E60P T302P A390Y,0.86,0.66,0.55,0.73,1.1,0.181,4.54e-07,2.55e-13,8.8e-06,0.348
10.1541,59.0,L59Q E60P T302P M378G K379S D382W T383S,0.73,0.72,0.72,0.96,0.54,0.006509999999999999,0.000207,0.000914,0.00158,2.51e-18
10.1542,54.0,L59Q E60P T302P A317L M374Y,0.48,0.55,0.59,0.66,0.12,0.000201,4.39e-06,6.420000000000001e-11,2.48e-08,1.99e-16
10.1543,62.0,L59Q E60P T302P A317L A390Y,3.54,2.29,1.19,0.5,1.24,1.01e-14,7.44e-12,0.13,5.77e-19,6.349999999999999e-08
10.1544,65.0,L59Q E60P T302P A317L M374Y A390Y,2.2,1.82,1.33,0.82,0.63,4.3e-07,0.000209,0.365,0.00129,1.15e-16
10.1545,58.0,L59Q E60P T302Q A390Y,1.02,0.86,0.71,0.74,0.82,0.8740000000000001,0.6829999999999999,0.0128,0.00548,2.55e-07
10.1546,49.0,L59Q E60P T302Q M374Y A390Y,1.31,1.25,0.94,0.68,0.63,0.0564,0.00248,0.00997,0.4920000000000001,2.66e-14
10.1547,21.0,L59Q E60P T302Q A317L M374Y,1.25,0.85,0.75,0.54,0.14,0.996,0.858,0.309,8.05e-06,5.78e-06
10.1548,28.0,A52V T302P M374Y,2.06,1.52,0.97,0.5,0.55,0.00592,0.14,0.305,3.67e-08,1.6e-07
10.1549,56.0,A52V T302Q M374Y,1.54,1.46,1.13,0.67,0.57,0.00281,0.0342,0.8029999999999999,3.35e-07,4.95e-11
10.1550,56.0,A52V M378G K379S D382W T383S,0.92,0.68,0.49,0.31,0.66,0.857,4.64e-06,1.98e-11,2.7899999999999995e-17,3.96e-14
10.1551,70.0,A52V A317L M374Y A390Y,2.97,2.2,1.21,0.51,1.98,2.14e-08,8.54e-09,0.007659999999999998,3.15e-12,8.609999999999998e-15
10.1552,57.0,H78K M378G K379S T383S T412N,0.91,0.75,0.6,0.47,0.34,0.474,0.00854,6.279999999999999e-10,2.69e-16,1.89e-08
10.1553,70.0,H78K T302Q A317L M374Y,2.11,1.75,1.16,0.56,0.4,1.65e-06,0.0014199999999999998,0.5489999999999999,4.22e-15,1.3600000000000002e-17
10.1554,75.0,H78K T302Q A317L A390Y,2.61,1.26,0.48,0.12,3.36,2.46e-07,0.535,6.909999999999999e-15,7.11e-20,1.61e-11
10.1555,38.0,M374Y T412N,1.4,0.89,0.55,0.38,0.4,0.35600000000000004,0.8390000000000001,0.37,3.1800000000000004e-10,0.775
10.1556,36.0,L59Q E60P H78K T302P A317L M374Y,0.85,0.72,0.62,0.6,0.13,0.769,0.276,0.0141,1.57e-07,3.63e-09
10.1557,12.0,L59Q E60P H78K T302P A317L A390Y,0.84,0.89,0.79,0.74,0.88,0.128,0.213,0.0317,0.00024700000000000004,1.49e-05
10.1558,67.0,L59Q E60P H78K T302P A317L M374Y A390Y,1.63,1.36,1.2,0.88,0.61,2.4100000000000006e-05,3.2299999999999986e-05,0.035,0.424,5.139999999999999e-19
10.1559,55.0,L59Q E60P H78K T302Q A317L M374Y A390Y,1.73,1.62,1.26,0.74,0.48,0.000116,0.000124,0.0139,9.4e-05,7.779999999999999e-11
10.1560,62.0,A52V H78K A317L M374Y A390Y,1.46,1.22,0.94,0.58,2.15,0.23,0.182,0.804,1.8600000000000002e-15,2.4399999999999997e-16
10.1561,82.0,H78K T302P A317L M374Y,3.32,2.27,1.22,0.47,0.51,7.96e-15,4.55e-11,0.335,5.2099999999999996e-24,9.38e-22
10.1562,74.0,H78K T302P A317L A390Y,1.31,0.79,0.31,0.07,3.27,0.465,0.226,3.0699999999999996e-20,3.0699999999999996e-20,7.31e-13
10.1563,59.0,K45Q,0.85,0.75,0.99,0.84,0.45,0.206,0.547,0.561,0.119,1.15e-18
10.1564,63.0,L59Q E60P T302P A317L M374Y,0.51,0.51,0.54,0.64,0.11,4.12e-06,1.51e-07,1.06e-10,9.38e-09,3.0699999999999996e-20
10.1565,65.0,L59Q E60P T302Q A317L M374Y,1.17,0.86,0.76,0.57,0.12,0.509,0.8420000000000001,0.0198,8.170000000000001e-12,1.3600000000000002e-17
10.1566,60.0,K45Q T302P A317L M374Y A390Y,2.62,1.94,1.2,0.51,1.34,2.8800000000000004e-09,2.89e-08,0.8490000000000001,1.23e-17,1.66e-09
10.1567,56.0,L59Q E60P T302Q M374Y,0.47,0.37,0.44,0.47,0.16,0.000133,6.27e-06,7.27e-07,1.83e-08,7.779999999999999e-11
10.1568,28.0,T302P M374Y,1.0,0.87,0.71,0.53,0.34,0.777,0.103,0.000688,4.13e-14,9.79e-19
10.1569,30.0,T302P A390Y,1.35,1.04,0.58,0.17,1.0,0.455,0.14300000000000002,2.04e-06,2.5e-10,1.0
10.1570,52.0,T302P A317L M374Y,2.82,1.97,1.16,0.45,0.52,2.84e-07,3.01e-05,0.0499,2.0100000000000003e-09,1.6e-07
10.1571,57.0,T302Q M374Y,0.73,0.7,0.68,0.54,0.31,0.0737,0.00329,8.01e-05,3.86e-16,3.62e-18
10.1572,99.0,T302Q A390Y,1.46,1.18,0.7,0.21,3.37,0.000643,0.293,2.09e-08,4.46e-28,0.0148
10.1573,101.0,T302Q M374Y A390Y,1.75,1.51,1.11,0.52,1.5,7.12e-08,9.78e-07,0.179,4.28e-26,3.0500000000000003e-27
10.1574,102.0,T302Q A317L M374Y,2.44,1.98,1.26,0.55,0.37,8.5e-15,2.24e-13,0.000484,1.29e-25,1.3700000000000005e-28
10.1575,92.0,T302Q A317L A390Y,3.11,1.65,0.57,0.13,3.05,1.4199999999999997e-11,0.00959,2.06e-16,2.79e-23,2.79e-23
10.1576,83.0,T302Q A317L M374Y A390Y,3.39,2.47,1.26,0.39,1.71,6.75e-14,1.04e-12,0.0272,3.0699999999999996e-20,3.64e-20
10.1577,84.0,M374Y A390Y,1.12,1.09,1.0,0.66,1.06,0.542,0.425,0.113,1.85e-12,0.634
10.1578,109.0,A317L M374Y A390Y,2.63,2.1,1.37,0.56,1.26,6.3e-17,1.04e-16,5.41e-07,1.33e-27,2.83e-11
10.1579,99.0,T302P T412N,2.19,1.95,1.33,0.64,1.22,1.25e-12,1.59e-12,8.92e-07,6.55e-16,1.34e-10
10.1580,24.0,T302P M374Y T412N,0.83,0.82,0.76,0.44,0.34,0.635,0.488,0.0716,1.49e-06,1.49e-06
10.1581,24.0,T302Q M374Y T412N,0.69,0.7,0.63,0.45,0.28,0.0007650000000000001,0.000868,3.5600000000000005e-05,1.49e-06,1.49e-06
10.1582,57.0,H78K L302T P303R A317L Y380D R381T T383S G392R,0.63,0.68,0.56,0.32,0.25,0.00197,0.000202,9.59e-11,5.73e-16,5.73e-16
10.1583,60.0,L59Q E60P H78K L302T P303R A317L Y380D R381T T383S G392R,1.31,1.21,0.87,0.46,0.26,0.0407,0.7290000000000001,0.5539999999999999,8.480000000000001e-16,5.73e-16
10.1584,63.0,A52V H78K L302T P303R A317L Y380D R381T T383S G392R,1.13,0.98,0.65,0.31,0.32,0.138,0.243,1.6800000000000002e-05,5.73e-16,5.73e-16
10.1585,60.0,A52V L59Q E60P H78K L302T P303R A317L Y380D R381T T383S G392R,1.45,1.34,1.08,0.56,0.27,0.00477,0.00949,0.443,3.92e-14,5.73e-16
10.1586,43.0,K45Q H78K L302T P303R A317L Y380D R381T T383S G392R,0.39,0.48,0.47,0.32,0.18,1.5e-06,6.42e-08,3.08e-09,3.73e-13,1.83e-13
10.1587,43.0,H78K A317L M374Y A390Y,2.51,2.01,1.44,0.72,1.51,5.39e-06,4.32e-06,0.00381,1.46e-05,2.98e-13
10.1588,55.0,A52V H78K A317L,4.82,3.38,1.76,0.52,1.2,8.68e-12,1.62e-11,5.34e-07,4.379999999999999e-15,3.95e-06
10.1589,55.0,K45Q H78K A317L,2.71,2.51,1.67,0.69,0.69,1.98e-08,3.5e-09,6.32e-08,4.46e-07,4.24e-13
10.1590,52.0,K45Q H78K A317L M374Y A390Y,1.21,1.15,1.12,0.72,0.93,0.777,0.177,0.171,2.31e-05,0.0276
10.1591,58.0,A317L M378G K379S D382W T383S,2.61,1.8,0.93,0.3,0.6,5.879999999999999e-10,7.400000000000001e-06,0.647,3.9e-18,1.5900000000000002e-16
10.1592,16.0,T302P A317L A390Y,1.56,0.97,0.37,0.08,3.25,0.232,0.387,1.21e-05,1.49e-06,5.78e-06
10.1593,50.0,T302P A317L M374Y A390Y,3.31,2.27,1.11,0.33,2.11,2.29e-10,5.07e-08,0.476,2.04e-15,2.04e-15
10.1594,52.0,A52V H78K T302P A317L M374Y,3.83,2.8,1.4,0.44,1.28,1.21e-11,1.32e-10,0.000168,7.36e-15,2.6600000000000003e-09
10.1595,45.0,K45Q H78K T302P A317L M374Y,1.62,1.67,1.11,0.47,0.38,0.00022200000000000006,0.000319,0.655,3.7600000000000005e-11,2e-11
10.1596,37.0,L59Q E60P T302P M374Y A390Y,0.98,0.94,1.04,0.97,0.73,0.893,0.987,0.395,0.826,7.79e-06
10.1597,44.0,K45Q H78K T302Q A317L M374Y A390Y,1.97,1.81,1.4,0.67,1.3,0.00022,0.000214,0.0076900000000000015,6.709999999999999e-09,1.64e-10
10.1598,23.0,K45Q H78K T302Q A317L M374Y,2.19,2.04,1.31,0.54,0.26,0.0415,0.0313,0.934,4.86e-07,2.92e-07
10.1599,35.0,K45Q L59Q E60P H78K L302T P303R A317L Y380D R381T T383S G392R,0.83,0.83,0.75,0.51,0.15,0.0565,0.0679,0.00244,2.29e-10,7.779999999999999e-11
10.1600,36.0,A52V M378G K379S D382W T383S T412N,1.31,0.98,0.59,0.28,0.74,0.6579999999999999,0.5660000000000001,3.78e-08,7.779999999999999e-11,1.16e-07
10.1601,7.0,L59Q E60P M378G K379S D382W T383S T412N,0.65,0.5,0.59,1.23,0.45,0.00489,0.000189,0.00044,0.0244,6.5000000000000004e-06
10.1602,8.0,T302P M374Y A390Y,1.66,1.33,0.94,0.46,1.78,0.0281,0.0541,0.524,1.49e-06,1.53e-06
10.1603,28.0,K45Q H78K T302P A317L A390Y,2.52,1.52,0.68,0.19,3.01,0.00032,0.0732,0.000967,1.1e-09,6.68e-08
10.1604,29.0,K45Q H78K T302P A317L M374Y A390Y,1.44,1.35,1.09,0.56,1.47,0.00152,0.00366,0.447,4.51e-10,3.4000000000000007e-09
10.1605,32.0,A52V H78K T302Q A317L M374Y A390Y,2.41,1.77,1.0,0.32,2.82,1.96e-05,0.000371,0.987,2.2e-11,4.95e-11
10.1606,35.0,K45Q H78K T302Q A317L A390Y,2.99,2.08,1.1,0.31,2.6,8.33e-08,1.87e-05,0.988,3.28e-10,3.98e-09
10.1607,28.0,T302P A390Y T412N,1.51,1.17,0.61,0.17,1.0,0.0161,0.593,2.88e-05,1.0300000000000002e-09,1.0
10.1608,22.0,T302Q A390Y T412N,1.59,1.26,0.66,0.21,1.0,0.411,0.923,0.000371,1.49e-06,1.0
10.1609,20.0,M374Y A390Y T412N,1.33,1.38,1.12,0.65,1.0,0.855,0.562,0.8740000000000001,0.00159,0.752
10.1610,23.0,T302P M374Y A390Y T412N,3.08,2.92,1.81,0.56,1.46,0.00658,0.0186,0.482,1.6e-06,2.18e-06
10.1611,23.0,T302Q M374Y A390Y T412N,2.29,1.59,1.05,0.52,1.4,0.016,0.0186,0.405,1.53e-06,5.21e-06
10.1612,24.0,T302Q T412N,2.5,2.03,1.46,0.6,1.06,0.00277,0.00114,0.0029,0.00196,0.941
